image_name,corner_left_lip_x,corner_right_lip_x,center_upper_lip_x,center_lower_lip_x,up_mid_left_lip_x,up_mid_right_lip_x,bottom_mid_left_lip_x,bottom_mid_right_lip_x,corner_left_lip_y,corner_right_lip_y,center_upper_lip_y,center_lower_lip_y,up_mid_left_lip_y,up_mid_right_lip_y,bottom_mid_left_lip_y,bottom_mid_right_lip_y
CFD-AF-200-228-N.jpg,1089,1335,1211,1217,1173,1251,1180,1256,1165,1166,1122,1222,1117,1118,1219,1219
CFD-AF-201-060-N.jpg,1110,1344,1236,1239,1197,1275,1201,1277,1171,1166,1121,1225,1116,1116,1222,1222
CFD-AF-202-122-N.jpg,1064,1359,1216,1218,1171,1262,1175,1262,1173,1172,1142,1239,1135,1135,1237,1237
CFD-AF-203-077-N.jpg,1090,1330,1223,1222,1183,1262,1183,1260,1168,1165,1119,1223,1113,1114,1219,1221
CFD-AF-204-067-N.jpg,1061,1342,1210,1209,1166,1255,1169,1250,1163,1170,1121,1210,1115,1118,1207,1210
CFD-AF-205-155-N.jpg,1083,1335,1214,1216,1174,1254,1177,1255,1183,1177,1143,1237,1138,1137,1235,1234
CFD-AF-206-079-N.jpg,1091,1341,1228,1226,1188,1268,1187,1266,1159,1154,1118,1214,1113,1112,1211,1211
CFD-AF-207-023-N.jpg,1077,1360,1226,1228,1183,1270,1188,1267,1158,1150,1111,1196,1107,1105,1195,1194
CFD-AF-208-003-N.jpg,1108,1373,1254,1255,1211,1295,1216,1294,1183,1168,1120,1212,1117,1113,1213,1210
CFD-AF-209-006-N.jpg,1074,1352,1221,1225,1178,1264,1182,1267,1179,1171,1137,1239,1132,1130,1237,1235
CFD-AF-210-050-N.jpg,1100,1338,1222,1228,1183,1261,1191,1266,1184,1172,1118,1228,1114,1112,1226,1224
CFD-AF-211-066-N.jpg,1111,1357,1239,1244,1200,1278,1208,1281,1169,1153,1128,1209,1125,1121,1209,1206
CFD-AF-212-097-N.jpg,1063,1313,1196,1196,1157,1236,1157,1235,1159,1163,1129,1226,1121,1124,1222,1225
CFD-AF-213-126-N.jpg,1115,1349,1245,1245,1207,1282,1206,1283,1168,1168,1126,1230,1121,1122,1226,1227
CFD-AF-214-139-N.jpg,1115,1347,1239,1242,1202,1277,1204,1280,1147,1138,1104,1200,1099,1098,1198,1197
CFD-AF-215-70-N.jpg,1107,1344,1234,1235,1195,1272,1198,1273,1195,1187,1137,1240,1132,1131,1238,1238
CFD-AF-216-106-N.jpg,1117,1354,1249,1250,1210,1286,1211,1288,1187,1172,1128,1239,1124,1121,1238,1235
CFD-AF-217-155-N.jpg,1082,1355,1223,1225,1180,1266,1184,1266,1174,1165,1124,1219,1120,1117,1218,1217
CFD-AF-218-157-N.jpg,1081,1353,1226,1228,1183,1268,1186,1270,1178,1174,1133,1240,1127,1127,1238,1238
CFD-AF-219-106-N.jpg,1113,1364,1246,1252,1205,1286,1212,1292,1180,1157,1129,1232,1126,1120,1232,1227
CFD-AF-220-107-N.jpg,1093,1349,1232,1232,1190,1273,1193,1271,1146,1141,1087,1185,1083,1083,1184,1183
CFD-AF-221-147-N.jpg,1091,1354,1234,1234,1192,1275,1195,1273,1149,1140,1099,1191,1095,1093,1190,1188
CFD-AF-222-134-N.jpg,1080,1354,1226,1227,1183,1269,1187,1268,1160,1153,1121,1211,1117,1115,1210,1208
CFD-AF-223-183-N.jpg,1087,1348,1227,1227,1184,1269,1186,1268,1204,1204,1146,1256,1140,1142,1254,1255
CFD-AF-224-026-N.jpg,1097,1355,1234,1236,1193,1276,1196,1277,1186,1181,1147,1248,1141,1140,1246,1246
CFD-AF-225-141-N.jpg,1080,1335,1214,1216,1174,1254,1177,1254,1167,1162,1117,1212,1112,1112,1210,1210
CFD-AF-226-251-N.jpg,1076,1338,1213,1216,1173,1255,1177,1256,1176,1172,1131,1228,1125,1126,1226,1226
CFD-AF-227-207-N.jpg,1087,1346,1224,1226,1182,1265,1185,1269,1163,1157,1105,1226,1100,1099,1223,1223
CFD-AF-228-173-N.jpg,1095,1344,1226,1230,1186,1267,1189,1271,1191,1181,1142,1250,1136,1135,1248,1247
CFD-AF-229-160-N.jpg,1077,1362,1226,1232,1181,1271,1188,1277,1187,1173,1140,1252,1135,1131,1250,1247
CFD-AF-230-193-N.jpg,1095,1342,1223,1226,1184,1263,1190,1264,1179,1177,1133,1221,1128,1129,1219,1220
CFD-AF-231-357-N.jpg,1094,1343,1224,1228,1185,1263,1189,1268,1193,1185,1143,1249,1138,1137,1247,1246
CFD-AF-232-078-N.jpg,1079,1368,1240,1239,1195,1285,1195,1281,1163,1160,1116,1218,1111,1111,1216,1215
CFD-AF-233-190-N.jpg,1084,1331,1217,1216,1177,1258,1176,1258,1162,1163,1118,1232,1112,1113,1227,1229
CFD-AF-234-208-N.jpg,1082,1347,1224,1225,1181,1266,1184,1267,1166,1164,1119,1223,1113,1114,1220,1221
CFD-AF-235-170-N.jpg,1073,1344,1217,1216,1174,1260,1173,1259,1186,1185,1148,1251,1141,1142,1247,1249
CFD-AF-236-145-N.jpg,1095,1348,1232,1233,1192,1271,1193,1272,1176,1171,1138,1237,1132,1132,1235,1235
CFD-AF-237-223-N.jpg,1085,1335,1215,1220,1175,1256,1182,1259,1143,1137,1110,1198,1105,1104,1196,1195
CFD-AF-238-185-N.jpg,1099,1349,1234,1234,1194,1273,1195,1274,1189,1184,1141,1248,1135,1135,1246,1246
CFD-AF-239-171-N.jpg,1085,1351,1227,1227,1186,1268,1185,1269,1161,1158,1139,1234,1131,1131,1230,1231
CFD-AF-240-206-N.jpg,1099,1343,1230,1232,1191,1269,1193,1271,1189,1185,1133,1242,1127,1128,1239,1240
CFD-AF-241-141-N.jpg,1101,1359,1246,1243,1205,1286,1203,1284,1171,1162,1122,1223,1117,1116,1221,1220
CFD-AF-242-158-N.jpg,1087,1341,1220,1222,1179,1261,1182,1263,1184,1180,1131,1238,1125,1126,1236,1236
CFD-AF-243-170-N.jpg,1076,1346,1219,1223,1177,1262,1178,1267,1177,1168,1135,1251,1129,1127,1248,1247
CFD-AF-244-168-N.jpg,1080,1349,1223,1225,1181,1264,1183,1266,1151,1151,1131,1230,1124,1125,1225,1226
CFD-AF-245-143-N.jpg,1080,1352,1220,1224,1177,1262,1184,1265,1168,1158,1138,1229,1133,1131,1228,1225
CFD-AF-246-242-N.jpg,1065,1357,1217,1221,1172,1262,1177,1266,1171,1167,1148,1244,1141,1141,1241,1240
CFD-AF-247-278-N.jpg,1076,1349,1226,1223,1183,1269,1180,1266,1175,1176,1133,1240,1126,1127,1236,1238
CFD-AF-248-148-N.jpg,1077,1362,1235,1233,1190,1279,1188,1276,1165,1160,1131,1234,1125,1124,1231,1230
CFD-AF-249-092-N.jpg,1084,1336,1222,1219,1182,1262,1179,1260,1176,1177,1128,1231,1122,1124,1228,1230
CFD-AF-250-200-N.jpg,1061,1349,1213,1213,1168,1257,1171,1256,1162,1161,1126,1220,1119,1120,1218,1218
CFD-AF-251-093-N.jpg,1075,1343,1219,1219,1176,1262,1175,1262,1178,1173,1138,1243,1132,1132,1240,1240
CFD-AF-252-135-N.jpg,1052,1328,1196,1195,1153,1239,1154,1237,1146,1154,1127,1217,1119,1122,1213,1215
CFD-AF-253-130-N.jpg,1100,1347,1233,1236,1192,1273,1196,1277,1167,1161,1133,1235,1127,1126,1232,1231
CFD-AF-254-167-N.jpg,1090,1342,1223,1225,1183,1264,1186,1264,1150,1148,1117,1207,1111,1112,1204,1204
CFD-AF-255-209-N.jpg,1098,1343,1228,1231,1189,1268,1191,1271,1183,1176,1136,1247,1130,1130,1244,1244
CFD-AF-256-160-N.jpg,1093,1344,1223,1225,1183,1263,1189,1262,1177,1168,1121,1208,1118,1116,1208,1207
CFD-AM-201-076-N.jpg,1093,1325,1208,1216,1170,1247,1178,1255,1205,1197,1140,1259,1136,1135,1257,1256
CFD-AM-202-079-N.jpg,1102,1355,1243,1242,1202,1284,1202,1282,1190,1181,1129,1237,1124,1123,1235,1235
CFD-AM-203-086-N.jpg,1090,1338,1222,1224,1182,1261,1184,1263,1176,1170,1121,1232,1116,1115,1230,1230
CFD-AM-204-122-N.jpg,1067,1339,1208,1210,1165,1251,1170,1251,1174,1172,1130,1231,1125,1124,1229,1229
CFD-AM-205-153-N.jpg,1080,1366,1227,1232,1182,1271,1189,1276,1177,1169,1134,1234,1129,1127,1233,1231
CFD-AM-206-086-N.jpg,1070,1343,1218,1218,1174,1261,1175,1260,1177,1173,1131,1234,1125,1125,1231,1232
CFD-AM-207-108-N.jpg,1055,1350,1212,1212,1166,1258,1166,1257,1175,1175,1139,1241,1132,1132,1237,1238
CFD-AM-208-143-N.jpg,1086,1355,1235,1235,1191,1276,1193,1276,1251,1238,1190,1298,1185,1183,1297,1295
CFD-AM-209-048-N.jpg,1089,1352,1232,1233,1190,1273,1193,1272,1179,1173,1131,1229,1126,1125,1228,1227
CFD-AM-210-035-N.jpg,1084,1320,1210,1212,1170,1249,1174,1250,1173,1167,1127,1229,1122,1121,1227,1226
CFD-AM-211-052-N.jpg,1094,1359,1239,1240,1197,1281,1199,1281,1171,1164,1127,1224,1122,1121,1222,1221
CFD-AM-212-050-N.jpg,1100,1349,1229,1233,1189,1269,1196,1269,1171,1161,1108,1205,1104,1102,1205,1204
CFD-AM-213-056-N.jpg,1082,1335,1211,1215,1171,1252,1178,1253,1168,1164,1121,1213,1116,1116,1212,1211
CFD-AM-214-168-N.jpg,1077,1363,1232,1232,1187,1276,1190,1272,1153,1141,1109,1191,1105,1102,1190,1188
CFD-AM-215-120-N.jpg,1081,1346,1220,1223,1177,1263,1183,1263,1188,1181,1156,1246,1151,1149,1244,1243
CFD-AM-216-114-N.jpg,1082,1361,1231,1230,1189,1273,1191,1269,1153,1154,1129,1205,1122,1123,1203,1204
CFD-AM-217-085-N.jpg,1076,1371,1230,1237,1184,1276,1191,1282,1179,1161,1137,1236,1131,1127,1236,1232
CFD-AM-218-085-N.jpg,1086,1362,1236,1239,1192,1279,1195,1282,1172,1164,1119,1232,1113,1112,1229,1228
CFD-AM-219-101-N.jpg,1105,1365,1245,1248,1202,1286,1206,1289,1208,1190,1134,1251,1130,1127,1250,1248
CFD-AM-220-134-N.jpg,1080,1362,1236,1235,1192,1279,1192,1276,1178,1170,1123,1226,1118,1116,1225,1223
CFD-AM-221-184-N.jpg,1093,1349,1229,1232,1188,1268,1194,1270,1172,1159,1116,1208,1112,1109,1208,1206
CFD-AM-223-138-N.jpg,1102,1354,1238,1241,1198,1278,1200,1282,1206,1194,1142,1254,1137,1135,1253,1251
CFD-AM-224-126-N.jpg,1087,1332,1216,1221,1176,1255,1186,1256,1152,1136,1076,1164,1075,1071,1166,1162
CFD-AM-225-102-N.jpg,1074,1341,1217,1218,1175,1260,1179,1257,1151,1144,1101,1192,1096,1095,1191,1190
CFD-AM-226-234-N.jpg,1091,1342,1222,1228,1181,1263,1189,1266,1168,1154,1110,1205,1107,1104,1205,1203
CFD-AM-227-184-N.jpg,1099,1352,1231,1234,1191,1271,1197,1272,1174,1165,1121,1213,1117,1115,1212,1211
CFD-AM-228-214-N.jpg,1092,1350,1234,1235,1192,1274,1193,1275,1184,1179,1134,1242,1128,1127,1239,1239
CFD-AM-229-224-N.jpg,1085,1344,1223,1226,1180,1265,1183,1268,1193,1188,1147,1268,1140,1140,1264,1264
CFD-AM-230-150-N.jpg,1097,1355,1236,1238,1194,1277,1200,1275,1157,1149,1110,1197,1106,1105,1196,1195
CFD-AM-231-136-N.jpg,1058,1354,1216,1215,1170,1261,1171,1259,1172,1166,1122,1224,1116,1116,1222,1222
CFD-AM-232-251-N.jpg,1092,1349,1229,1232,1188,1270,1193,1271,1169,1159,1115,1212,1110,1109,1211,1210
CFD-AM-233-236-N.jpg,1078,1359,1224,1227,1180,1269,1185,1269,1189,1180,1115,1224,1111,1110,1223,1222
CFD-AM-234-355-N.jpg,1082,1359,1230,1231,1186,1274,1190,1271,1172,1166,1134,1223,1129,1128,1222,1221
CFD-AM-235-241-N.jpg,1078,1348,1217,1218,1176,1260,1181,1255,1132,1124,1084,1158,1080,1078,1158,1157
CFD-AM-236-090-N.jpg,1073,1364,1234,1232,1189,1279,1188,1275,1194,1192,1142,1245,1136,1136,1243,1243
CFD-AM-237-154-N.jpg,1107,1353,1239,1243,1199,1279,1205,1280,1178,1164,1126,1226,1122,1119,1225,1223
CFD-AM-238-269-N.jpg,1086,1331,1214,1216,1174,1254,1178,1254,1173,1169,1120,1221,1115,1115,1219,1220
CFD-AM-239-147-N.jpg,1092,1372,1243,1245,1199,1287,1202,1288,1200,1194,1151,1257,1145,1144,1255,1255
CFD-AM-240-191-N.jpg,1108,1356,1241,1245,1200,1280,1207,1282,1180,1163,1113,1211,1111,1107,1212,1209
CFD-AM-241-287-N.jpg,1075,1348,1219,1222,1175,1263,1180,1264,1156,1153,1135,1226,1128,1128,1223,1222
CFD-AM-242-176-N.jpg,1072,1362,1224,1229,1178,1270,1185,1272,1194,1182,1151,1248,1146,1143,1247,1245
CFD-AM-243-212-N.jpg,1084,1363,1230,1235,1186,1274,1192,1278,1178,1160,1123,1226,1119,1115,1226,1222
CFD-AM-244-222-N.jpg,1082,1361,1228,1230,1185,1272,1190,1271,1169,1165,1117,1209,1112,1111,1208,1208
CFD-AM-245-111-N.jpg,1102,1360,1245,1248,1202,1286,1209,1286,1190,1177,1127,1225,1124,1121,1226,1222
CFD-AM-246-184-N.jpg,1076,1343,1218,1217,1176,1261,1176,1258,1166,1165,1124,1223,1118,1119,1220,1221
CFD-AM-247-165-N.jpg,1098,1353,1230,1234,1190,1270,1196,1271,1168,1152,1105,1199,1103,1099,1199,1196
CFD-AM-248-104-N.jpg,1088,1368,1234,1240,1189,1280,1198,1283,1186,1170,1137,1230,1133,1129,1230,1227
CFD-AM-249-163-N.jpg,1095,1360,1236,1237,1194,1277,1199,1275,1155,1146,1107,1193,1102,1101,1192,1190
CFD-AM-250-149-N.jpg,1107,1348,1234,1238,1194,1274,1200,1276,1158,1145,1095,1203,1091,1089,1202,1200
CFD-AM-251-124-N.jpg,1078,1336,1209,1214,1167,1252,1173,1257,1166,1160,1122,1233,1115,1115,1230,1230
CFD-AM-252-114-N.jpg,1088,1333,1220,1221,1180,1259,1182,1260,1160,1156,1120,1218,1114,1114,1215,1215
CFD-AM-253-161-N.jpg,1130,1381,1270,1274,1229,1310,1232,1314,1200,1177,1135,1247,1132,1127,1246,1242
CFD-BF-001-025-N.jpg,1067,1352,1223,1222,1179,1268,1178,1267,1196,1194,1145,1263,1139,1139,1260,1260
CFD-BF-002-001-N.jpg,1082,1338,1214,1218,1174,1255,1177,1260,1161,1160,1126,1241,1119,1119,1237,1237
CFD-BF-003-003-N.jpg,1062,1342,1211,1209,1167,1255,1166,1253,1162,1172,1127,1233,1119,1123,1228,1232
CFD-BF-004-014-N.jpg,1099,1358,1238,1241,1196,1280,1197,1284,1194,1179,1135,1253,1130,1128,1251,1249
CFD-BF-005-001-N.jpg,1061,1353,1219,1220,1174,1264,1177,1263,1166,1163,1142,1233,1136,1135,1231,1230
CFD-BF-006-017-N.jpg,1063,1348,1217,1214,1172,1261,1171,1256,1157,1166,1128,1220,1120,1123,1215,1219
CFD-BF-007-001-N.jpg,1065,1337,1212,1209,1170,1255,1168,1249,1186,1189,1137,1234,1130,1133,1231,1233
CFD-BF-008-001-N.jpg,1099,1348,1236,1235,1197,1275,1196,1274,1165,1163,1138,1227,1132,1132,1224,1224
CFD-BF-009-002-N.jpg,1079,1334,1217,1215,1177,1258,1176,1255,1159,1159,1126,1218,1119,1121,1215,1216
CFD-BF-010-001-N.jpg,1049,1341,1203,1203,1156,1250,1157,1250,1165,1178,1141,1260,1132,1136,1254,1257
CFD-BF-013-001-N.jpg,1067,1330,1204,1209,1162,1246,1167,1251,1140,1137,1113,1210,1106,1106,1207,1206
CFD-BF-014-002-N.jpg,1060,1328,1199,1199,1158,1242,1159,1240,1174,1177,1137,1231,1131,1132,1227,1229
CFD-BF-015-004-N.jpg,1073,1296,1192,1190,1156,1228,1154,1226,1152,1157,1114,1211,1108,1111,1207,1210
CFD-BF-016-017-N.jpg,1079,1344,1217,1219,1176,1260,1180,1259,1205,1199,1121,1236,1117,1117,1235,1235
CFD-BF-021-013-N.jpg,1059,1352,1227,1221,1180,1273,1174,1267,1177,1177,1127,1247,1121,1121,1243,1244
CFD-BF-024-002-N.jpg,1067,1348,1222,1219,1177,1266,1175,1263,1156,1158,1117,1220,1109,1111,1216,1218
CFD-BF-025-002-N.jpg,1072,1331,1206,1211,1166,1247,1169,1253,1171,1168,1118,1235,1112,1112,1232,1232
CFD-BF-027-002-N.jpg,1062,1331,1198,1201,1158,1239,1163,1241,1167,1163,1127,1214,1122,1121,1213,1212
CFD-BF-028-001-N.jpg,1064,1328,1204,1205,1160,1247,1159,1251,1180,1173,1117,1253,1112,1111,1249,1248
CFD-BF-030-002-N.jpg,1062,1358,1221,1221,1175,1267,1176,1266,1156,1161,1131,1237,1125,1126,1233,1234
CFD-BF-031-002-N.jpg,1102,1351,1243,1237,1203,1283,1193,1281,1187,1188,1134,1272,1127,1129,1266,1269
CFD-BF-032-038-N.jpg,1083,1341,1220,1222,1180,1261,1182,1261,1172,1166,1119,1221,1114,1113,1219,1218
CFD-BF-033-016-A.jpg,1091,1353,1234,1237,1191,1276,1194,1280,1190,1181,1146,1256,1141,1139,1254,1252
CFD-BF-034-002-N.jpg,1077,1352,1220,1224,1177,1264,1182,1267,1180,1167,1118,1223,1114,1111,1222,1219
CFD-BF-036-027-N.jpg,1099,1339,1224,1225,1186,1262,1187,1264,1155,1157,1118,1223,1112,1113,1219,1221
CFD-BF-039-031-N.jpg,1070,1341,1211,1215,1169,1253,1173,1257,1161,1159,1127,1226,1121,1120,1223,1223
CFD-BF-041-001-N.jpg,1081,1347,1224,1225,1182,1265,1183,1266,1162,1157,1127,1222,1121,1121,1219,1218
CFD-BF-042-026-N.jpg,1065,1339,1210,1211,1167,1254,1167,1255,1185,1179,1129,1249,1124,1123,1246,1245
CFD-BF-043-003-N.jpg,1064,1352,1216,1219,1170,1262,1175,1263,1148,1143,1109,1205,1103,1102,1202,1201
CFD-BF-044-034-N.jpg,1098,1359,1234,1237,1192,1276,1199,1277,1161,1153,1114,1204,1110,1109,1202,1201
CFD-BF-045-003-N.jpg,1078,1321,1204,1206,1166,1242,1168,1245,1187,1186,1147,1249,1141,1141,1246,1246
CFD-BF-048-002-N.jpg,1097,1346,1229,1231,1189,1269,1193,1269,1176,1169,1123,1223,1119,1118,1221,1221
CFD-BF-049-032-N.jpg,1067,1337,1211,1212,1169,1253,1169,1255,1165,1167,1118,1231,1112,1113,1227,1228
CFD-BF-050-003-N.jpg,1086,1350,1230,1232,1188,1271,1193,1271,1166,1161,1133,1221,1128,1127,1219,1218
CFD-BF-051-035-N.jpg,1082,1342,1218,1223,1176,1259,1183,1263,1211,1200,1158,1260,1154,1152,1259,1257
CFD-BF-200-080-N.jpg,1081,1355,1222,1225,1178,1267,1184,1267,1187,1176,1124,1225,1120,1118,1224,1222
CFD-BF-201-080-N.jpg,1067,1343,1214,1214,1171,1257,1172,1257,1180,1183,1146,1248,1138,1140,1244,1245
CFD-BF-202-109-N.jpg,1073,1363,1229,1230,1184,1273,1184,1275,1198,1195,1151,1261,1144,1144,1258,1259
CFD-BF-203-184-N.jpg,1111,1377,1258,1261,1214,1300,1216,1303,1176,1159,1124,1241,1119,1116,1239,1236
CFD-BF-204-189-N.jpg,1057,1354,1217,1218,1170,1264,1168,1267,1184,1178,1143,1271,1137,1135,1266,1266
CFD-BF-205-141-N.jpg,1075,1356,1221,1224,1177,1264,1182,1266,1201,1186,1139,1240,1135,1132,1240,1237
CFD-BF-206-143-N.jpg,1063,1367,1226,1226,1179,1272,1183,1268,1134,1127,1096,1177,1091,1089,1176,1174
CFD-BF-207-004-N.jpg,1074,1356,1224,1225,1180,1267,1183,1268,1176,1174,1136,1235,1130,1130,1232,1232
CFD-BF-208-266-N.jpg,1071,1363,1227,1229,1181,1273,1181,1276,1222,1218,1178,1305,1172,1171,1300,1301
CFD-BF-209-172-N.jpg,1066,1357,1220,1221,1175,1265,1179,1263,1181,1174,1131,1223,1126,1125,1223,1221
CFD-BF-210-130-N.jpg,1064,1378,1236,1238,1186,1286,1188,1286,1169,1165,1133,1252,1127,1125,1248,1247
CFD-BF-211-168-N.jpg,1084,1368,1237,1242,1190,1282,1198,1285,1181,1163,1110,1230,1107,1102,1230,1225
CFD-BF-212-315-N.jpg,1056,1377,1232,1234,1182,1280,1184,1283,1184,1170,1145,1265,1139,1135,1263,1259
CFD-BF-213-188-N.jpg,1078,1356,1228,1229,1184,1271,1187,1270,1173,1163,1123,1221,1117,1116,1220,1219
CFD-BF-214-308-N.jpg,1064,1355,1224,1220,1179,1269,1176,1265,1157,1158,1113,1219,1107,1109,1215,1217
CFD-BF-215-177-N.jpg,1051,1357,1215,1216,1166,1264,1166,1267,1181,1181,1125,1271,1118,1119,1266,1267
CFD-BF-216-132-N.jpg,1101,1362,1239,1242,1199,1279,1200,1284,1189,1179,1151,1254,1146,1143,1252,1250
CFD-BF-217-189-N.jpg,1067,1369,1230,1230,1183,1276,1184,1275,1191,1188,1150,1254,1144,1143,1251,1251
CFD-BF-218-207-N.jpg,1053,1365,1222,1224,1172,1271,1172,1275,1178,1171,1135,1279,1129,1127,1274,1272
CFD-BF-219-137-N.jpg,1078,1364,1232,1235,1186,1277,1188,1281,1208,1194,1146,1270,1142,1139,1268,1265
CFD-BF-220-161-N.jpg,1070,1362,1227,1228,1180,1274,1182,1275,1174,1164,1113,1235,1108,1106,1233,1231
CFD-BF-221-223-N.jpg,1065,1386,1241,1246,1190,1289,1196,1294,1174,1161,1125,1242,1120,1117,1241,1237
CFD-BF-222-240-N.jpg,1093,1367,1239,1244,1194,1283,1198,1289,1196,1185,1133,1260,1129,1126,1258,1255
CFD-BF-223-250-N.jpg,1071,1350,1220,1221,1176,1264,1176,1266,1179,1176,1138,1254,1131,1131,1250,1251
CFD-BF-224-002-N.jpg,1053,1361,1217,1217,1168,1267,1169,1265,1191,1188,1112,1234,1107,1107,1231,1231
CFD-BF-225-192-N.jpg,1070,1382,1244,1243,1194,1292,1194,1290,1186,1178,1137,1247,1131,1130,1245,1244
CFD-BF-226-119-N.jpg,1103,1373,1254,1256,1210,1296,1208,1302,1299,1281,1226,1368,1222,1219,1365,1362
CFD-BF-227-137-N.jpg,1079,1359,1230,1233,1185,1274,1189,1276,1178,1169,1129,1234,1124,1123,1232,1231
CFD-BF-228-212-N.jpg,1075,1378,1245,1248,1196,1292,1200,1293,1213,1197,1167,1289,1162,1158,1288,1283
CFD-BF-229-179-N.jpg,1075,1372,1236,1242,1189,1283,1194,1289,1207,1197,1155,1281,1150,1147,1278,1276
CFD-BF-230-189-N.jpg,1063,1366,1234,1232,1184,1282,1181,1282,1180,1176,1129,1265,1122,1122,1260,1260
CFD-BF-231-202-N.jpg,1075,1366,1229,1235,1183,1275,1187,1282,1226,1209,1165,1292,1161,1157,1290,1286
CFD-BF-232-187-N.jpg,1085,1372,1242,1241,1197,1287,1196,1285,1203,1194,1147,1264,1143,1141,1262,1261
CFD-BF-233-116-N.jpg,1057,1343,1209,1210,1163,1255,1164,1257,1176,1180,1138,1258,1130,1133,1253,1255
CFD-BF-234-167-N.jpg,1039,1344,1193,1198,1146,1241,1152,1245,1180,1171,1124,1235,1119,1118,1233,1232
CFD-BF-235-168-N.jpg,1085,1368,1236,1238,1192,1281,1196,1280,1174,1166,1117,1223,1112,1111,1221,1220
CFD-BF-236-177-N.jpg,1087,1358,1229,1233,1186,1273,1192,1276,1178,1172,1113,1224,1109,1108,1222,1221
CFD-BF-237-172-N.jpg,1067,1368,1229,1228,1182,1276,1183,1273,1174,1170,1134,1230,1128,1128,1228,1228
CFD-BF-238-190-N.jpg,1061,1373,1229,1231,1180,1278,1181,1281,1190,1180,1134,1254,1128,1126,1252,1250
CFD-BF-239-180-N.jpg,1083,1354,1228,1228,1185,1271,1186,1270,1175,1170,1133,1235,1127,1127,1232,1232
CFD-BF-240-179-N.jpg,1081,1357,1226,1228,1182,1270,1185,1272,1188,1185,1148,1254,1142,1143,1251,1251
CFD-BF-241-222-N.jpg,1069,1352,1219,1219,1175,1264,1175,1264,1179,1179,1131,1246,1125,1126,1243,1244
CFD-BF-242-154-N.jpg,1067,1365,1228,1228,1183,1274,1184,1271,1162,1162,1131,1221,1125,1125,1219,1219
CFD-BF-243-164-N.jpg,1088,1379,1250,1253,1204,1295,1205,1298,1205,1191,1149,1269,1144,1141,1267,1264
CFD-BF-244-231-N.jpg,1083,1369,1238,1241,1193,1282,1193,1289,1231,1213,1172,1304,1166,1163,1302,1299
CFD-BF-245-178-N.jpg,1074,1357,1221,1226,1176,1266,1182,1271,1194,1186,1143,1256,1138,1137,1254,1253
CFD-BF-246-170-N.jpg,1034,1360,1215,1214,1162,1266,1161,1266,1181,1181,1117,1262,1111,1111,1258,1258
CFD-BF-247-179-N.jpg,1062,1333,1199,1203,1157,1243,1162,1247,1184,1178,1132,1243,1127,1126,1241,1240
CFD-BF-248-149-N.jpg,1053,1367,1221,1223,1173,1271,1174,1272,1171,1165,1119,1242,1114,1113,1238,1237
CFD-BF-249-091-N.jpg,1086,1358,1235,1236,1191,1279,1192,1280,1207,1197,1150,1272,1145,1143,1270,1268
CFD-BF-250-121-N.jpg,1048,1370,1220,1220,1171,1270,1167,1272,1220,1218,1180,1314,1171,1171,1309,1310
CFD-BF-251-211-N.jpg,1100,1355,1241,1242,1200,1281,1200,1284,1179,1163,1136,1251,1131,1127,1249,1246
CFD-BF-252-191-N.jpg,1105,1360,1244,1248,1202,1286,1206,1289,1184,1162,1105,1222,1103,1098,1222,1218
CFD-BF-253-202-N.jpg,1072,1368,1236,1237,1187,1283,1190,1283,1173,1158,1108,1229,1104,1101,1227,1224
CFD-BF-254-201-N.jpg,1087,1371,1239,1241,1194,1283,1196,1287,1177,1161,1120,1237,1114,1111,1235,1232
CFD-BF-255-140-N.jpg,1069,1363,1223,1228,1178,1268,1183,1273,1199,1191,1152,1263,1146,1144,1262,1260
CFD-BM-001-014-N.jpg,1056,1350,1212,1214,1166,1259,1166,1262,1189,1180,1122,1248,1116,1115,1245,1244
CFD-BM-002-013-N.jpg,1057,1383,1238,1236,1186,1290,1183,1287,1177,1176,1131,1258,1123,1124,1254,1254
CFD-BM-005-003-N.jpg,1060,1336,1206,1206,1162,1250,1161,1251,1205,1208,1148,1270,1141,1143,1266,1268
CFD-BM-009-002-N.jpg,1073,1338,1210,1213,1167,1255,1172,1256,1189,1182,1136,1247,1132,1130,1245,1244
CFD-BM-011-016-N.jpg,1058,1348,1210,1211,1164,1257,1167,1256,1161,1156,1122,1221,1115,1115,1218,1218
CFD-BM-012-018-N.jpg,1078,1370,1236,1236,1190,1281,1192,1279,1245,1241,1208,1302,1201,1201,1300,1300
CFD-BM-013-002-N.jpg,1068,1362,1232,1229,1186,1278,1179,1277,1180,1177,1146,1271,1138,1138,1265,1266
CFD-BM-015-015-N.jpg,1072,1347,1216,1218,1172,1261,1175,1263,1204,1202,1153,1274,1146,1147,1270,1271
CFD-BM-018-001-N.jpg,1077,1348,1218,1220,1176,1261,1179,1262,1192,1190,1154,1250,1146,1147,1248,1248
CFD-BM-019-002-N.jpg,1051,1346,1208,1208,1160,1256,1160,1257,1179,1179,1132,1254,1125,1126,1249,1250
CFD-BM-020-001-N.jpg,1047,1357,1203,1208,1156,1251,1161,1255,1191,1181,1153,1252,1147,1144,1250,1248
CFD-BM-021-021-N.jpg,1049,1354,1214,1213,1164,1263,1164,1262,1168,1172,1136,1255,1127,1129,1249,1251
CFD-BM-022-022-N.jpg,1081,1378,1242,1244,1196,1287,1197,1289,1196,1185,1147,1255,1141,1139,1253,1251
CFD-BM-023-029-N.jpg,1078,1357,1230,1230,1185,1274,1184,1276,1216,1209,1163,1280,1156,1156,1277,1276
CFD-BM-024-001-N.jpg,1075,1358,1230,1229,1186,1275,1183,1273,1188,1184,1133,1256,1126,1126,1252,1253
CFD-BM-025-045-A.jpg,1064,1366,1223,1224,1177,1269,1180,1269,1198,1193,1155,1250,1147,1148,1248,1248
CFD-BM-026-002-N.jpg,1075,1367,1231,1234,1184,1277,1185,1282,1210,1196,1152,1284,1145,1143,1280,1279
CFD-BM-027-001-N.jpg,1094,1356,1245,1242,1203,1285,1199,1282,1159,1154,1129,1230,1122,1121,1226,1226
CFD-BM-028-002-N.jpg,1049,1335,1197,1197,1154,1242,1153,1243,1175,1178,1130,1249,1123,1124,1244,1246
CFD-BM-029-024-N.jpg,1045,1337,1198,1197,1154,1244,1151,1243,1177,1182,1140,1249,1132,1134,1244,1248
CFD-BM-030-003-N.jpg,1091,1367,1244,1243,1198,1288,1196,1289,1182,1173,1137,1251,1130,1129,1248,1247
CFD-BM-031-003-N.jpg,1050,1363,1207,1214,1160,1256,1167,1263,1183,1178,1146,1254,1138,1138,1251,1251
CFD-BM-032-024-N.jpg,1062,1362,1218,1222,1171,1265,1175,1270,1180,1173,1131,1246,1125,1124,1242,1241
CFD-BM-033-003-N.jpg,1047,1369,1218,1219,1169,1267,1168,1270,1168,1166,1135,1244,1126,1127,1239,1240
CFD-BM-036-003-N.jpg,1039,1352,1209,1207,1160,1259,1156,1258,1178,1184,1145,1273,1136,1139,1267,1269
CFD-BM-037-033-N.jpg,1045,1345,1206,1203,1159,1253,1155,1251,1196,1198,1141,1263,1133,1135,1258,1261
CFD-BM-038-001-N.jpg,1066,1343,1208,1213,1165,1252,1168,1259,1165,1153,1109,1233,1105,1102,1230,1228
CFD-BM-039-029-N.jpg,1054,1360,1222,1218,1172,1271,1169,1268,1171,1175,1118,1248,1110,1112,1243,1245
CFD-BM-040-002-N.jpg,1056,1327,1202,1201,1157,1247,1151,1252,1195,1197,1144,1306,1136,1138,1299,1301
CFD-BM-041-035-N.jpg,1065,1349,1216,1218,1171,1260,1173,1263,1198,1192,1139,1261,1134,1132,1258,1257
CFD-BM-043-071-N.jpg,1060,1354,1214,1217,1167,1261,1169,1266,1195,1186,1150,1271,1143,1142,1267,1266
CFD-BM-045-004-N.jpg,1051,1354,1207,1211,1159,1256,1162,1261,1208,1199,1147,1273,1142,1139,1271,1269
CFD-BM-046-006-N.jpg,1069,1347,1216,1216,1172,1261,1172,1261,1176,1177,1132,1241,1125,1126,1238,1239
CFD-BM-200-046-N.jpg,1065,1384,1239,1242,1188,1290,1190,1294,1194,1186,1147,1279,1141,1139,1276,1274
CFD-BM-201-077-N.jpg,1069,1355,1224,1224,1177,1271,1177,1272,1182,1174,1114,1246,1108,1107,1243,1242
CFD-BM-202-063-N.jpg,1067,1346,1212,1215,1168,1257,1171,1260,1186,1174,1115,1233,1111,1108,1231,1229
CFD-BM-203-001-N.jpg,1092,1368,1250,1249,1204,1294,1201,1295,1207,1192,1136,1274,1131,1129,1271,1269
CFD-BM-204-003-N.jpg,1088,1344,1228,1230,1185,1270,1188,1271,1193,1182,1125,1250,1120,1119,1248,1246
CFD-BM-205-001-N.jpg,1039,1391,1235,1231,1178,1291,1175,1287,1174,1180,1128,1270,1119,1122,1265,1267
CFD-BM-206-114-N.jpg,1078,1355,1219,1225,1175,1264,1182,1269,1172,1161,1129,1234,1123,1121,1232,1230
CFD-BM-207-024-N.jpg,1076,1363,1231,1233,1184,1276,1188,1277,1196,1185,1142,1253,1137,1135,1251,1250
CFD-BM-208-065-N.jpg,1074,1348,1218,1222,1174,1261,1178,1266,1186,1178,1147,1259,1140,1139,1255,1255
CFD-BM-209-088-N.jpg,1085,1364,1229,1233,1186,1273,1192,1275,1176,1160,1133,1224,1128,1125,1223,1220
CFD-BM-210-148-N.jpg,1053,1377,1222,1227,1172,1273,1176,1278,1172,1163,1133,1249,1125,1124,1245,1244
CFD-BM-211-174-N.jpg,1068,1351,1217,1217,1173,1261,1173,1262,1172,1171,1120,1232,1113,1114,1229,1230
CFD-BM-212-117-N.jpg,1067,1349,1223,1220,1178,1267,1176,1264,1177,1182,1149,1255,1139,1142,1250,1253
CFD-BM-213-134-N.jpg,1066,1359,1227,1225,1180,1274,1180,1270,1151,1153,1113,1221,1107,1108,1217,1218
CFD-BM-214-075-N.jpg,1071,1365,1229,1232,1182,1275,1185,1279,1189,1180,1147,1263,1140,1139,1260,1258
CFD-BM-215-155-N.jpg,1070,1366,1235,1234,1187,1283,1185,1281,1173,1172,1134,1258,1126,1127,1253,1254
CFD-BM-216-088-N.jpg,1099,1381,1260,1259,1215,1303,1216,1300,1184,1169,1122,1223,1118,1115,1223,1220
CFD-BM-217-082-N.jpg,1076,1368,1231,1233,1186,1276,1188,1278,1189,1181,1151,1254,1144,1143,1251,1250
CFD-BM-218-132-N.jpg,1075,1375,1236,1236,1189,1282,1191,1280,1201,1190,1146,1252,1139,1137,1251,1250
CFD-BM-219-141-N.jpg,1103,1343,1227,1231,1189,1266,1193,1269,1189,1183,1138,1243,1133,1132,1241,1241
CFD-BM-221-198-N.jpg,1083,1362,1232,1233,1189,1275,1189,1276,1185,1183,1143,1253,1136,1136,1250,1250
CFD-BM-222-173-N.jpg,1076,1371,1237,1238,1190,1282,1193,1281,1177,1167,1127,1228,1121,1119,1226,1224
CFD-BM-223-171-N.jpg,1063,1355,1216,1217,1169,1264,1173,1262,1162,1158,1107,1215,1101,1101,1213,1213
CFD-BM-224-073-N.jpg,1063,1351,1218,1217,1172,1264,1173,1261,1160,1159,1091,1202,1086,1087,1200,1201
CFD-BM-225-154-N.jpg,1056,1377,1236,1232,1185,1286,1182,1282,1183,1180,1128,1246,1121,1121,1243,1243
CFD-BM-226-276-N.jpg,1071,1360,1228,1227,1182,1275,1176,1278,1235,1227,1177,1327,1169,1169,1322,1322
CFD-BM-227-191-N.jpg,1035,1347,1197,1198,1148,1248,1148,1249,1193,1196,1159,1282,1149,1152,1277,1279
CFD-BM-228-145-N.jpg,1083,1378,1251,1247,1205,1295,1202,1289,1174,1163,1134,1226,1128,1126,1225,1223
CFD-BM-229-209-N.jpg,1072,1378,1241,1242,1192,1289,1191,1292,1199,1185,1151,1276,1145,1142,1273,1270
CFD-BM-230-232-N.jpg,1092,1360,1235,1235,1193,1278,1193,1276,1176,1166,1103,1215,1098,1097,1214,1213
CFD-BM-231-155-N.jpg,1056,1365,1220,1223,1172,1268,1173,1272,1185,1171,1125,1257,1120,1116,1254,1252
CFD-BM-232-213-N.jpg,1066,1362,1231,1229,1184,1276,1181,1276,1188,1183,1131,1246,1124,1124,1243,1243
CFD-BM-233-285-N.jpg,1051,1371,1217,1222,1167,1267,1172,1272,1206,1198,1156,1272,1150,1148,1269,1269
CFD-BM-234-172-N.jpg,1063,1368,1224,1225,1176,1271,1179,1270,1178,1167,1131,1224,1126,1123,1223,1221
CFD-BM-235-226-N.jpg,1086,1361,1232,1235,1187,1276,1192,1278,1202,1185,1142,1250,1138,1134,1249,1246
CFD-BM-236-248-N.jpg,1049,1365,1215,1217,1166,1265,1168,1267,1172,1168,1121,1240,1114,1114,1236,1236
CFD-BM-237-188-N.jpg,1054,1354,1218,1219,1170,1265,1168,1267,1210,1203,1146,1284,1140,1139,1280,1280
CFD-BM-238-242-N.jpg,1083,1363,1238,1237,1191,1283,1190,1284,1173,1164,1103,1232,1098,1097,1230,1228
CFD-BM-239-136-N.jpg,1092,1374,1249,1250,1202,1294,1202,1297,1210,1201,1156,1284,1149,1148,1280,1279
CFD-BM-240-207-N.jpg,1075,1370,1238,1238,1191,1285,1191,1284,1191,1187,1146,1259,1139,1139,1256,1255
CFD-BM-241-235-N.jpg,1069,1365,1233,1230,1186,1280,1184,1276,1164,1158,1106,1219,1100,1099,1217,1216
CFD-BM-242-233-N.jpg,1105,1379,1258,1258,1212,1302,1213,1303,1175,1165,1123,1245,1118,1116,1242,1240
CFD-BM-243-218-N.jpg,1039,1347,1202,1198,1154,1251,1154,1244,1161,1163,1094,1197,1088,1090,1195,1197
CFD-BM-244-197-N.jpg,1071,1356,1225,1225,1180,1269,1179,1270,1175,1169,1132,1247,1125,1124,1243,1243
CFD-BM-245-164-N.jpg,1064,1364,1221,1223,1174,1268,1177,1269,1199,1186,1143,1252,1137,1134,1250,1248
CFD-BM-246-192-N.jpg,1056,1371,1228,1225,1178,1278,1177,1274,1178,1171,1115,1233,1109,1108,1230,1229
CFD-BM-247-240-N.jpg,1074,1369,1235,1235,1188,1283,1189,1282,1172,1165,1134,1238,1126,1126,1236,1234
CFD-BM-248-128-N.jpg,1086,1344,1221,1226,1179,1264,1183,1269,1175,1162,1117,1237,1111,1110,1234,1232
CFD-BM-249-235-N.jpg,1059,1357,1223,1221,1176,1270,1173,1269,1175,1180,1140,1258,1132,1134,1253,1254
CFD-BM-250-170-N.jpg,1063,1382,1243,1240,1193,1291,1188,1289,1184,1184,1129,1263,1122,1122,1259,1260
CFD-BM-251-013-N.jpg,1062,1368,1230,1231,1182,1277,1182,1279,1161,1152,1127,1236,1120,1118,1233,1231
CFD-BM-252-161-N.jpg,1066,1363,1230,1227,1184,1275,1180,1274,1202,1203,1159,1274,1151,1152,1269,1271
CFD-BM-253-004-N.jpg,1083,1343,1229,1227,1187,1272,1182,1272,1200,1195,1149,1278,1142,1142,1274,1274
CFD-IF-601-519-N.jpg,1056,1364,1226,1224,1177,1273,1179,1267,1179,1178,1160,1241,1153,1153,1239,1238
CFD-IF-602-134-N.jpg,1079,1351,1227,1225,1184,1270,1183,1268,1181,1178,1133,1244,1128,1128,1241,1241
CFD-IF-605-066-N.jpg,1076,1348,1218,1220,1174,1262,1178,1261,1173,1171,1117,1222,1112,1112,1219,1220
CFD-IF-608-390-N.jpg,1090,1336,1215,1220,1177,1255,1184,1257,1159,1156,1114,1205,1110,1110,1203,1203
CFD-IF-609-408-N.jpg,1085,1373,1248,1246,1203,1291,1204,1286,1167,1168,1133,1219,1127,1128,1218,1218
CFD-IF-610-766-N.jpg,1091,1348,1223,1225,1183,1264,1186,1264,1170,1166,1130,1218,1125,1125,1215,1216
CFD-IF-612-149-N.jpg,1074,1349,1224,1224,1180,1267,1184,1264,1146,1135,1108,1196,1104,1101,1194,1192
CFD-IF-614-107-N.jpg,1103,1388,1268,1267,1221,1311,1222,1311,1185,1170,1128,1238,1124,1121,1238,1234
CFD-IF-618-212-N.jpg,1095,1361,1236,1239,1195,1277,1200,1278,1180,1165,1124,1216,1120,1117,1216,1213
CFD-IF-619-197-N.jpg,1069,1362,1219,1221,1175,1265,1180,1263,1165,1163,1131,1214,1125,1125,1211,1212
CFD-IF-620-218-N.jpg,1082,1369,1241,1239,1195,1285,1197,1280,1182,1173,1134,1224,1130,1128,1223,1222
CFD-IF-622-096-N.jpg,1093,1361,1238,1238,1196,1279,1200,1276,1183,1172,1137,1219,1133,1131,1219,1217
CFD-IF-623-129-N.jpg,1056,1347,1205,1205,1160,1251,1164,1246,1171,1172,1128,1210,1123,1124,1209,1210
CFD-IF-625-225-N.jpg,1066,1350,1221,1220,1177,1264,1180,1258,1135,1135,1095,1171,1089,1090,1170,1171
CFD-IF-626-375-N.jpg,1060,1352,1223,1222,1177,1267,1177,1265,1202,1196,1168,1267,1162,1160,1265,1263
CFD-IF-629-234-N.jpg,1062,1352,1219,1221,1174,1264,1178,1262,1194,1187,1159,1248,1153,1152,1246,1245
CFD-IF-631-363-N.jpg,1069,1371,1234,1232,1187,1281,1188,1277,1180,1175,1137,1235,1132,1131,1233,1232
CFD-IF-633-012-N.jpg,1083,1356,1229,1230,1186,1271,1190,1270,1148,1145,1093,1188,1088,1088,1186,1186
CFD-IF-634-382-N.jpg,1038,1364,1209,1210,1160,1259,1165,1256,1167,1166,1143,1223,1136,1136,1221,1221
CFD-IF-636-011-N.jpg,1048,1372,1218,1221,1168,1269,1175,1268,1198,1198,1141,1244,1135,1136,1242,1243
CFD-IF-641-504-N.jpg,1063,1353,1210,1217,1164,1258,1175,1261,1206,1195,1152,1252,1148,1145,1251,1249
CFD-IF-642-295-N.jpg,1067,1356,1225,1224,1179,1270,1180,1268,1197,1189,1142,1247,1137,1136,1245,1244
CFD-IF-644-306-1-N.jpg,1069,1368,1235,1234,1187,1283,1187,1281,1193,1186,1129,1252,1123,1122,1250,1249
CFD-IF-644-306-2-N.jpg,1067,1369,1235,1234,1186,1282,1186,1280,1192,1187,1134,1253,1128,1127,1250,1250
CFD-IF-649-016-N.jpg,1074,1352,1219,1223,1174,1263,1182,1265,1226,1214,1170,1267,1165,1163,1267,1265
CFD-IF-650-315-N.jpg,1052,1373,1227,1227,1177,1276,1178,1274,1201,1191,1139,1249,1133,1131,1248,1246
CFD-IF-660-464-N.jpg,1048,1331,1203,1201,1158,1247,1160,1243,1205,1200,1167,1255,1161,1161,1254,1253
CFD-IF-665-015-N.jpg,1058,1358,1211,1211,1165,1258,1168,1257,1197,1194,1129,1239,1123,1124,1237,1238
CFD-IF-668-009-N.jpg,1074,1378,1230,1233,1185,1277,1189,1278,1213,1209,1173,1266,1168,1167,1264,1263
CFD-IF-672-305-N.jpg,1064,1352,1219,1219,1174,1264,1176,1262,1173,1170,1126,1228,1120,1121,1226,1226
CFD-IF-673-389-N.jpg,1058,1378,1240,1237,1187,1290,1187,1286,1202,1193,1147,1270,1142,1140,1268,1266
CFD-IF-676-017-N.jpg,1078,1356,1219,1224,1176,1263,1184,1265,1233,1223,1171,1269,1166,1165,1269,1268
CFD-IF-677-452-1-N.jpg,1043,1347,1199,1200,1153,1247,1156,1246,1188,1188,1139,1246,1132,1133,1243,1244
CFD-IF-677-452-2-N.jpg,1047,1348,1201,1203,1156,1249,1159,1248,1188,1187,1138,1242,1132,1132,1240,1240
CFD-IF-691-007-N.jpg,1091,1367,1251,1249,1207,1293,1207,1289,1201,1193,1153,1247,1148,1147,1246,1245
CFD-IF-693-172-N.jpg,1066,1377,1232,1230,1183,1282,1184,1277,1168,1173,1130,1231,1123,1125,1227,1229
CFD-IF-704-125-N.jpg,1055,1363,1218,1217,1171,1266,1173,1262,1200,1200,1154,1251,1148,1148,1249,1250
CFD-IF-705-196-N.jpg,1071,1373,1237,1234,1190,1284,1191,1277,1185,1182,1137,1227,1131,1131,1226,1226
CFD-IF-710-016-N.jpg,1063,1363,1224,1227,1176,1270,1183,1270,1170,1164,1126,1219,1120,1119,1217,1216
CFD-IF-713-170-N.jpg,1091,1357,1235,1237,1193,1278,1197,1277,1197,1188,1155,1247,1150,1149,1246,1244
CFD-IF-714-008-1-N.jpg,1017,1344,1174,1182,1126,1225,1138,1229,1183,1178,1126,1220,1122,1120,1220,1219
CFD-IF-714-008-2-N.jpg,1017,1346,1177,1185,1129,1228,1140,1231,1182,1177,1127,1218,1123,1121,1218,1217
CFD-IF-718-001-N.jpg,1047,1358,1206,1209,1158,1254,1165,1255,1178,1172,1131,1228,1126,1124,1226,1225
CFD-IF-722-456-N.jpg,1089,1371,1249,1249,1202,1293,1204,1292,1202,1192,1149,1260,1144,1143,1258,1256
CFD-IF-723-255-N.jpg,1076,1355,1220,1222,1178,1263,1183,1261,1161,1160,1127,1203,1121,1121,1202,1202
CFD-IF-729-393-N.jpg,1075,1339,1207,1213,1166,1251,1174,1253,1196,1192,1146,1243,1140,1140,1241,1241
CFD-IF-730-410-N.jpg,1078,1359,1222,1224,1180,1266,1182,1266,1193,1193,1156,1252,1149,1150,1249,1250
CFD-IF-732-260-N.jpg,1082,1351,1224,1228,1182,1266,1187,1268,1204,1195,1157,1252,1152,1151,1252,1250
CFD-IF-733-110-N.jpg,1089,1350,1229,1231,1187,1270,1192,1269,1189,1181,1138,1228,1134,1132,1227,1226
CFD-IF-734-108-N.jpg,1075,1358,1225,1225,1180,1270,1181,1270,1193,1193,1147,1259,1140,1141,1255,1257
CFD-IF-735-353-N.jpg,1064,1338,1207,1208,1164,1249,1167,1251,1198,1197,1162,1260,1155,1156,1257,1258
CFD-IF-737-104-N.jpg,1059,1363,1218,1219,1171,1265,1177,1263,1184,1183,1125,1222,1120,1120,1222,1222
CFD-IF-741-040-N.jpg,1092,1372,1247,1246,1203,1291,1205,1285,1205,1194,1153,1250,1149,1147,1249,1248
CFD-IF-742-103-N.jpg,1059,1359,1219,1218,1172,1267,1176,1261,1176,1173,1132,1225,1127,1126,1223,1223
CFD-IF-744-114-N.jpg,1090,1378,1245,1247,1199,1290,1204,1290,1178,1165,1127,1224,1123,1120,1223,1221
CFD-IM-603-305-N.jpg,1048,1343,1193,1199,1147,1240,1159,1241,1172,1160,1126,1210,1122,1119,1210,1207
CFD-IM-604-014-N.jpg,1088,1366,1235,1238,1191,1279,1196,1280,1195,1185,1155,1249,1149,1147,1247,1245
CFD-IM-607-018-N.jpg,1089,1355,1230,1232,1187,1273,1191,1272,1176,1168,1143,1229,1137,1136,1226,1226
CFD-IM-611-306-N.jpg,1076,1359,1222,1226,1177,1268,1186,1266,1167,1160,1139,1220,1133,1132,1218,1217
CFD-IM-613-169-N.jpg,1085,1337,1213,1214,1173,1255,1175,1255,1206,1201,1153,1260,1148,1148,1257,1257
CFD-IM-615-167-N.jpg,1085,1379,1241,1245,1196,1287,1202,1287,1168,1154,1118,1205,1114,1111,1205,1202
CFD-IM-616-214-N.jpg,1068,1348,1216,1215,1173,1260,1175,1254,1194,1188,1149,1233,1144,1142,1232,1232
CFD-IM-621-136-N.jpg,1069,1337,1201,1203,1160,1244,1167,1241,1117,1103,1067,1134,1064,1061,1135,1132
CFD-IM-627-178-N.jpg,1091,1360,1237,1237,1194,1280,1198,1276,1164,1155,1125,1206,1119,1118,1205,1203
CFD-IM-628-176-N.jpg,1078,1359,1227,1227,1183,1270,1186,1268,1136,1125,1089,1174,1084,1082,1174,1172
CFD-IM-630-134-N.jpg,1055,1354,1215,1217,1167,1262,1175,1258,1169,1158,1110,1188,1106,1105,1188,1187
CFD-IM-632-097-N.jpg,1064,1350,1213,1214,1168,1257,1174,1255,1143,1134,1101,1183,1096,1094,1182,1181
CFD-IM-635-010-N.jpg,1061,1381,1230,1233,1180,1281,1188,1277,1165,1156,1112,1204,1107,1105,1203,1202
CFD-IM-637-007-N.jpg,1056,1394,1229,1233,1177,1282,1187,1279,1175,1167,1141,1214,1135,1134,1213,1212
CFD-IM-638-250-1-N.jpg,1077,1345,1213,1218,1170,1256,1180,1256,1162,1149,1106,1190,1103,1100,1190,1187
CFD-IM-638-250-2-N.jpg,1075,1337,1206,1210,1164,1249,1173,1249,1166,1153,1109,1196,1106,1103,1196,1194
CFD-IM-639-263-N.jpg,1074,1374,1234,1234,1188,1280,1190,1278,1184,1170,1132,1228,1127,1124,1228,1225
CFD-IM-640-009-N.jpg,1055,1394,1239,1240,1186,1292,1190,1289,1159,1154,1107,1210,1102,1101,1209,1208
CFD-IM-645-001-N.jpg,1071,1359,1224,1224,1179,1269,1184,1263,1168,1160,1138,1207,1133,1131,1206,1205
CFD-IM-646-023-N.jpg,1050,1366,1222,1223,1172,1273,1174,1271,1249,1237,1187,1307,1181,1179,1305,1304
CFD-IM-647-548-N.jpg,1048,1348,1214,1210,1166,1261,1165,1254,1190,1182,1140,1237,1135,1133,1235,1234
CFD-IM-648-337-N.jpg,1070,1358,1216,1222,1170,1263,1180,1265,1202,1194,1158,1246,1152,1151,1244,1243
CFD-IM-651-308-N.jpg,1024,1354,1193,1195,1143,1245,1149,1242,1157,1159,1132,1216,1124,1126,1213,1214
CFD-IM-652-191-N.jpg,1026,1358,1218,1212,1164,1270,1161,1261,1185,1181,1140,1245,1133,1133,1242,1241
CFD-IM-653-008-N.jpg,1065,1358,1221,1221,1175,1268,1180,1261,1168,1161,1114,1198,1109,1108,1197,1197
CFD-IM-654-417-N.jpg,1034,1367,1207,1210,1154,1260,1163,1258,1204,1194,1140,1242,1136,1134,1242,1240
CFD-IM-655-234-N.jpg,1053,1362,1206,1210,1159,1255,1167,1256,1206,1201,1171,1255,1164,1164,1253,1253
CFD-IM-656-273-N.jpg,1055,1345,1207,1208,1162,1252,1165,1253,1203,1201,1165,1261,1158,1159,1259,1259
CFD-IM-657-308-N.jpg,1059,1354,1214,1215,1167,1261,1171,1261,1214,1206,1166,1271,1160,1159,1269,1268
CFD-IM-658-284-N.jpg,1067,1374,1235,1235,1186,1282,1192,1278,1192,1178,1116,1207,1112,1110,1208,1206
CFD-IM-659-359-N.jpg,1074,1368,1232,1234,1186,1277,1192,1275,1214,1203,1150,1242,1145,1144,1242,1240
CFD-IM-661-254-N.jpg,1043,1344,1201,1203,1153,1250,1160,1248,1202,1197,1152,1246,1146,1146,1244,1243
CFD-IM-662-171-N.jpg,1052,1363,1221,1221,1172,1270,1178,1263,1175,1162,1112,1193,1108,1106,1193,1191
CFD-IM-663-230-N.jpg,1049,1338,1209,1205,1163,1254,1164,1247,1194,1194,1164,1244,1157,1158,1241,1242
CFD-IM-664-651-N.jpg,1054,1360,1217,1217,1171,1264,1174,1261,1175,1160,1138,1219,1133,1129,1219,1215
CFD-IM-666-372-N.jpg,1045,1345,1216,1212,1168,1262,1169,1253,1123,1117,1071,1157,1066,1065,1157,1156
CFD-IM-667-369-N.jpg,1082,1350,1218,1222,1176,1261,1185,1259,1173,1167,1149,1213,1143,1143,1212,1211
CFD-IM-669-111-N.jpg,1059,1333,1202,1202,1158,1247,1163,1241,1164,1157,1098,1187,1094,1093,1187,1186
CFD-IM-670-215-N.jpg,1072,1348,1221,1223,1177,1264,1184,1261,1181,1164,1137,1211,1133,1130,1212,1208
CFD-IM-671-601-N.jpg,1072,1356,1216,1219,1172,1262,1179,1261,1174,1169,1135,1217,1129,1129,1216,1215
CFD-IM-674-281-N.jpg,1053,1340,1212,1209,1166,1257,1167,1251,1183,1178,1138,1230,1132,1132,1228,1228
CFD-IM-675-015-N.jpg,1054,1334,1210,1208,1165,1254,1165,1250,1182,1177,1142,1238,1136,1135,1235,1235
CFD-IM-678-482-N.jpg,1054,1356,1207,1209,1161,1254,1168,1252,1207,1206,1181,1257,1174,1175,1256,1256
CFD-IM-679-069-N.jpg,1048,1356,1207,1210,1158,1257,1164,1256,1183,1173,1132,1236,1127,1125,1235,1233
CFD-IM-680-369-N.jpg,1080,1364,1228,1230,1184,1272,1192,1269,1099,1084,1044,1116,1042,1038,1117,1114
CFD-IM-681-253-N.jpg,1056,1366,1220,1222,1172,1268,1180,1263,1173,1173,1134,1209,1128,1128,1208,1208
CFD-IM-682-019-N.jpg,1050,1343,1212,1210,1165,1259,1167,1253,1189,1176,1117,1218,1114,1112,1218,1216
CFD-IM-683-231-N.jpg,1081,1346,1225,1226,1182,1267,1187,1264,1156,1145,1112,1187,1108,1106,1187,1185
CFD-IM-684-008-N.jpg,1061,1378,1214,1218,1167,1264,1174,1265,1195,1189,1132,1235,1127,1126,1234,1233
CFD-IM-685-004-N.jpg,1057,1348,1202,1204,1157,1249,1164,1247,1127,1116,1082,1163,1077,1075,1162,1160
CFD-IM-686-097-N.jpg,1060,1364,1219,1219,1172,1267,1176,1262,1191,1192,1161,1248,1154,1155,1245,1246
CFD-IM-687-511-N.jpg,1086,1387,1236,1243,1188,1284,1201,1286,1205,1187,1148,1236,1144,1140,1236,1232
CFD-IM-688-322-N.jpg,1056,1347,1213,1217,1166,1259,1170,1262,1219,1204,1174,1282,1167,1164,1280,1277
CFD-IM-689-263-N.jpg,1055,1347,1216,1216,1170,1262,1173,1259,1189,1184,1158,1245,1152,1151,1244,1243
CFD-IM-690-282-N.jpg,1050,1362,1212,1216,1164,1261,1172,1260,1200,1186,1152,1240,1148,1144,1240,1237
CFD-IM-692-011-N.jpg,1064,1360,1228,1226,1180,1274,1183,1266,1157,1144,1115,1191,1111,1108,1190,1188
CFD-IM-694-297-N.jpg,1072,1359,1223,1225,1178,1269,1184,1266,1154,1148,1118,1202,1113,1112,1201,1199
CFD-IM-695-001-N.jpg,1071,1353,1222,1224,1177,1267,1181,1267,1136,1132,1096,1196,1090,1090,1194,1193
CFD-IM-696-001-N.jpg,1066,1345,1218,1216,1173,1263,1174,1258,1169,1167,1126,1223,1119,1120,1220,1221
CFD-IM-697-015-N.jpg,1064,1331,1207,1207,1164,1249,1165,1249,1223,1224,1174,1284,1167,1169,1281,1283
CFD-IM-698-011-N.jpg,1069,1331,1214,1214,1170,1257,1171,1256,1195,1188,1138,1252,1132,1132,1249,1249
CFD-IM-699-002-N.jpg,1043,1336,1203,1199,1157,1249,1156,1242,1193,1199,1165,1247,1157,1160,1244,1246
CFD-IM-700-009-N.jpg,1056,1363,1219,1220,1170,1267,1175,1266,1205,1202,1174,1270,1167,1167,1267,1267
CFD-IM-701-312-N.jpg,1070,1339,1214,1216,1171,1257,1175,1257,1199,1191,1161,1255,1155,1154,1253,1252
CFD-IM-702-101-N.jpg,1057,1325,1204,1203,1161,1246,1163,1242,1201,1192,1176,1259,1170,1168,1257,1255
CFD-IM-703-182-N.jpg,1054,1349,1210,1210,1163,1257,1166,1253,1186,1177,1139,1232,1133,1131,1230,1229
CFD-IM-706-002-N.jpg,1045,1354,1210,1210,1161,1260,1164,1257,1180,1180,1139,1240,1133,1133,1237,1237
CFD-IM-707-105-N.jpg,1079,1357,1227,1227,1184,1270,1188,1265,1059,1057,1014,1089,1009,1009,1088,1088
CFD-IM-708-362-N.jpg,1035,1370,1216,1217,1162,1269,1167,1267,1181,1184,1168,1258,1158,1160,1254,1255
CFD-IM-709-103-N.jpg,1052,1365,1210,1215,1161,1259,1170,1261,1184,1172,1130,1221,1126,1123,1221,1218
CFD-IM-711-011-N.jpg,1051,1355,1204,1210,1156,1254,1165,1257,1195,1188,1133,1233,1129,1128,1232,1230
CFD-IM-712-005-N.jpg,1068,1361,1223,1221,1176,1269,1179,1263,1130,1124,1083,1174,1077,1076,1172,1171
CFD-IM-715-013-N.jpg,1035,1356,1211,1208,1161,1261,1160,1257,1167,1171,1126,1232,1119,1120,1228,1230
CFD-IM-716-316-N.jpg,1072,1339,1214,1215,1170,1258,1174,1258,1204,1200,1163,1262,1156,1157,1259,1260
CFD-IM-717-110-N.jpg,1063,1336,1206,1207,1161,1251,1165,1249,1190,1185,1134,1231,1128,1128,1229,1229
CFD-IM-719-221-N.jpg,1064,1374,1224,1230,1176,1273,1181,1278,1207,1195,1155,1270,1149,1147,1268,1266
CFD-IM-720-014-N.jpg,1039,1353,1209,1209,1159,1258,1158,1259,1223,1217,1163,1299,1156,1156,1295,1295
CFD-IM-721-341-N.jpg,1049,1360,1226,1220,1176,1273,1174,1263,1213,1205,1177,1270,1170,1168,1268,1266
CFD-IM-724-010-N.jpg,1067,1365,1223,1226,1177,1270,1185,1267,1191,1182,1140,1221,1136,1134,1220,1219
CFD-IM-725-142-N.jpg,1080,1342,1219,1222,1178,1261,1183,1262,1191,1182,1140,1234,1135,1134,1232,1231
CFD-IM-726-248-N.jpg,1034,1347,1206,1203,1157,1254,1158,1246,1188,1188,1157,1236,1150,1150,1234,1235
CFD-IM-727-195-N.jpg,1059,1370,1218,1223,1169,1268,1177,1270,1204,1194,1154,1254,1148,1147,1252,1251
CFD-IM-728-041-N.jpg,1075,1371,1234,1235,1186,1281,1190,1280,1199,1191,1153,1247,1147,1146,1245,1244
CFD-IM-731-223-N.jpg,1053,1346,1217,1214,1170,1263,1168,1260,1204,1201,1155,1263,1148,1148,1260,1261
CFD-IM-736-361-N.jpg,1078,1339,1221,1221,1178,1262,1182,1260,1191,1181,1153,1238,1148,1146,1236,1235
CFD-IM-738-191-N.jpg,1039,1378,1229,1232,1175,1280,1182,1279,1204,1188,1141,1242,1137,1133,1242,1238
CFD-IM-739-012-N.jpg,1059,1345,1209,1209,1164,1255,1167,1252,1185,1180,1140,1237,1134,1133,1235,1235
CFD-IM-740-273-N.jpg,1084,1362,1233,1235,1188,1277,1193,1276,1185,1179,1148,1244,1143,1141,1242,1241
CFD-IM-743-006-N.jpg,1049,1327,1200,1199,1156,1245,1156,1241,1173,1166,1118,1224,1113,1112,1222,1222
CFD-LF-200-058-N.jpg,1074,1342,1210,1214,1169,1252,1173,1256,1175,1169,1129,1236,1122,1122,1234,1234
CFD-LF-201-035-N.jpg,1068,1346,1220,1215,1176,1263,1172,1258,1170,1175,1121,1231,1115,1117,1227,1229
CFD-LF-202-065-N.jpg,1065,1349,1214,1213,1171,1259,1172,1255,1167,1164,1115,1209,1109,1109,1207,1207
CFD-LF-203-066-N.jpg,1092,1366,1238,1241,1195,1281,1200,1282,1186,1178,1143,1237,1138,1136,1236,1234
CFD-LF-204-133-N.jpg,1092,1360,1232,1236,1190,1275,1195,1277,1182,1177,1134,1229,1128,1128,1228,1227
CFD-LF-205-100-N.jpg,1080,1352,1222,1226,1180,1265,1187,1265,1145,1145,1121,1201,1115,1115,1198,1198
CFD-LF-206-078-N.jpg,1105,1363,1243,1247,1202,1283,1206,1288,1176,1159,1124,1232,1119,1116,1231,1228
CFD-LF-207-198-N.jpg,1079,1355,1228,1230,1184,1270,1189,1270,1148,1141,1122,1212,1116,1114,1210,1209
CFD-LF-208-127-N.jpg,1069,1328,1203,1205,1163,1244,1168,1244,1150,1151,1126,1210,1119,1120,1207,1207
CFD-LF-209-072-N.jpg,1088,1370,1241,1241,1196,1285,1200,1282,1162,1151,1124,1207,1120,1117,1206,1204
CFD-LF-210-220-N.jpg,1078,1348,1227,1225,1185,1269,1184,1266,1165,1169,1129,1225,1122,1124,1222,1223
CFD-LF-211-003-N.jpg,1073,1330,1209,1207,1167,1251,1166,1250,1167,1157,1098,1215,1094,1092,1213,1212
CFD-LF-212-066-N.jpg,1098,1367,1243,1244,1201,1284,1204,1284,1180,1172,1123,1220,1119,1118,1219,1218
CFD-LF-213-079-N.jpg,1083,1354,1224,1228,1182,1266,1188,1269,1170,1162,1137,1226,1132,1130,1224,1223
CFD-LF-214-090-N.jpg,1093,1362,1233,1238,1192,1275,1198,1277,1185,1171,1136,1230,1132,1129,1230,1227
CFD-LF-215-157-N.jpg,1104,1362,1246,1246,1205,1286,1207,1285,1179,1171,1124,1221,1120,1118,1220,1219
CFD-LF-216-121-N.jpg,1106,1358,1240,1243,1200,1280,1206,1279,1123,1114,1066,1153,1063,1061,1153,1151
CFD-LF-217-082-N.jpg,1075,1352,1223,1223,1180,1266,1182,1264,1144,1140,1109,1202,1103,1102,1200,1200
CFD-LF-218-072-N.jpg,1079,1346,1216,1222,1173,1259,1182,1264,1170,1156,1118,1218,1114,1111,1218,1214
CFD-LF-219-223-N.jpg,1081,1336,1212,1215,1171,1253,1175,1255,1202,1196,1139,1248,1135,1134,1246,1246
CFD-LF-220-120-N.jpg,1079,1342,1215,1217,1173,1257,1180,1256,1140,1134,1079,1168,1076,1075,1167,1166
CFD-LF-221-002-N.jpg,1101,1376,1255,1253,1212,1296,1211,1293,1182,1173,1128,1228,1123,1122,1226,1225
CFD-LF-222-147-N.jpg,1108,1355,1241,1246,1201,1280,1207,1286,1183,1168,1121,1232,1117,1114,1231,1227
CFD-LF-223-064-N.jpg,1102,1365,1242,1246,1200,1283,1206,1284,1173,1157,1129,1217,1125,1121,1216,1213
CFD-LF-224-176-N.jpg,1090,1335,1217,1218,1179,1256,1183,1254,1154,1149,1110,1193,1106,1106,1191,1191
CFD-LF-225-164-N.jpg,1099,1354,1235,1236,1194,1275,1196,1277,1173,1162,1124,1222,1119,1117,1220,1219
CFD-LF-226-174-N.jpg,1089,1358,1231,1233,1189,1273,1192,1275,1181,1166,1124,1232,1119,1117,1231,1229
CFD-LF-227-054-N.jpg,1085,1354,1233,1233,1190,1275,1194,1271,1135,1133,1102,1183,1096,1096,1181,1181
CFD-LF-228-125-N.jpg,1116,1368,1254,1255,1213,1293,1217,1291,1183,1170,1132,1222,1129,1126,1222,1219
CFD-LF-229-164-N.jpg,1080,1362,1231,1231,1187,1275,1189,1274,1185,1179,1139,1236,1133,1132,1234,1233
CFD-LF-230-203-N.jpg,1086,1353,1228,1230,1187,1269,1187,1272,1128,1130,1092,1197,1086,1086,1193,1194
CFD-LF-231-260-N.jpg,1078,1346,1227,1226,1185,1269,1184,1267,1179,1169,1128,1230,1122,1120,1229,1227
CFD-LF-232-199-N.jpg,1088,1350,1226,1230,1185,1266,1190,1270,1151,1139,1116,1206,1111,1108,1205,1202
CFD-LF-233-277-N.jpg,1085,1360,1229,1232,1186,1272,1193,1272,1169,1161,1130,1217,1125,1124,1216,1214
CFD-LF-234-139-N.jpg,1112,1347,1237,1241,1199,1274,1203,1279,1182,1172,1131,1236,1126,1125,1234,1233
CFD-LF-235-219-N.jpg,1082,1344,1222,1221,1182,1262,1181,1260,1158,1160,1123,1210,1117,1118,1207,1209
CFD-LF-236-221-N.jpg,1081,1344,1216,1219,1176,1257,1182,1256,1132,1127,1098,1170,1093,1093,1169,1168
CFD-LF-237-190-N.jpg,1090,1352,1230,1229,1189,1272,1190,1269,1159,1157,1107,1201,1102,1103,1199,1200
CFD-LF-238-154-N.jpg,1087,1352,1222,1228,1180,1265,1189,1268,1137,1126,1082,1174,1079,1076,1173,1171
CFD-LF-239-148-N.jpg,1083,1360,1234,1235,1190,1277,1195,1274,1150,1145,1119,1199,1115,1113,1198,1197
CFD-LF-240-199-N.jpg,1091,1351,1223,1228,1182,1264,1190,1267,1167,1154,1110,1204,1107,1104,1204,1202
CFD-LF-241-188-N.jpg,1087,1347,1226,1227,1184,1267,1187,1268,1187,1186,1143,1252,1136,1137,1249,1250
CFD-LF-242-121-N.jpg,1084,1337,1211,1214,1172,1251,1178,1252,1150,1141,1106,1188,1102,1100,1187,1186
CFD-LF-243-175-N.jpg,1082,1339,1213,1217,1173,1254,1180,1255,1169,1162,1117,1206,1113,1112,1205,1204
CFD-LF-244-096-N.jpg,1106,1369,1249,1250,1207,1290,1211,1289,1171,1159,1119,1213,1115,1113,1212,1210
CFD-LF-245-166-N.jpg,1083,1362,1238,1238,1193,1281,1192,1283,1152,1141,1106,1218,1100,1098,1215,1213
CFD-LF-246-129-N.jpg,1075,1342,1219,1220,1178,1261,1178,1261,1150,1146,1131,1230,1124,1124,1226,1225
CFD-LF-247-051-N.jpg,1098,1374,1251,1252,1207,1293,1211,1292,1138,1126,1093,1182,1089,1086,1181,1178
CFD-LF-248-160-N.jpg,1109,1380,1257,1257,1215,1298,1218,1295,1167,1158,1121,1200,1116,1115,1200,1198
CFD-LF-249-132-N.jpg,1079,1370,1238,1239,1193,1282,1196,1282,1164,1156,1134,1229,1127,1125,1227,1225
CFD-LF-250-169-N.jpg,1098,1358,1235,1238,1195,1276,1198,1278,1183,1170,1124,1229,1120,1118,1228,1226
CFD-LF-251-057-N.jpg,1090,1368,1234,1240,1190,1278,1196,1284,1167,1155,1131,1237,1125,1123,1235,1232
CFD-LF-252-172-N.jpg,1078,1366,1226,1235,1180,1273,1191,1280,1208,1185,1139,1258,1136,1130,1259,1253
CFD-LF-253-003-N.jpg,1080,1352,1225,1226,1181,1268,1185,1267,1178,1168,1114,1219,1111,1109,1218,1216
CFD-LF-254-125-N.jpg,1071,1333,1210,1210,1169,1251,1172,1250,1160,1159,1126,1215,1120,1121,1213,1213
CFD-LF-255-088-N.jpg,1085,1362,1234,1236,1192,1276,1195,1277,1177,1170,1140,1231,1135,1133,1230,1228
CFD-LM-200-045-N.jpg,1086,1364,1231,1234,1188,1275,1195,1272,1146,1134,1113,1184,1108,1105,1184,1181
CFD-LM-201-057-N.jpg,1070,1355,1225,1224,1180,1270,1181,1266,1168,1166,1130,1230,1122,1123,1226,1227
CFD-LM-202-072-N.jpg,1081,1351,1216,1221,1174,1259,1179,1264,1201,1187,1131,1244,1126,1123,1243,1241
CFD-LM-203-026-N.jpg,1076,1365,1229,1231,1184,1274,1191,1272,1167,1157,1128,1209,1123,1121,1208,1207
CFD-LM-204-001-N.jpg,1096,1374,1249,1247,1206,1291,1207,1286,1170,1159,1121,1207,1116,1114,1207,1205
CFD-LM-206-204-N.jpg,1101,1369,1244,1247,1202,1286,1206,1287,1172,1156,1115,1211,1111,1108,1210,1208
CFD-LM-207-004-N.jpg,1085,1351,1221,1226,1179,1263,1184,1269,1189,1174,1132,1240,1127,1124,1239,1236
CFD-LM-208-110-N.jpg,1091,1351,1225,1229,1185,1266,1190,1269,1172,1170,1132,1229,1125,1126,1226,1227
CFD-LM-209-111-N.jpg,1101,1406,1275,1280,1225,1321,1230,1327,1199,1174,1131,1262,1128,1121,1262,1256
CFD-LM-210-156-N.jpg,1066,1355,1210,1215,1166,1255,1174,1257,1182,1172,1127,1222,1122,1120,1222,1221
CFD-LM-211-128-N.jpg,1062,1366,1231,1229,1184,1277,1184,1272,1160,1155,1118,1208,1112,1111,1207,1206
CFD-LM-212-143-N.jpg,1095,1355,1235,1237,1194,1276,1197,1277,1193,1179,1136,1237,1132,1129,1237,1234
CFD-LM-213-061-N.jpg,1069,1373,1233,1233,1186,1279,1191,1275,1152,1142,1115,1196,1109,1107,1195,1193
CFD-LM-214-165-N.jpg,1077,1339,1206,1208,1166,1248,1173,1246,1150,1150,1114,1187,1108,1109,1185,1186
CFD-LM-215-247-N.jpg,1084,1357,1226,1230,1185,1268,1191,1269,1165,1157,1117,1203,1112,1110,1203,1202
CFD-LM-216-082-N.jpg,1103,1351,1238,1240,1198,1278,1202,1278,1172,1160,1118,1214,1114,1111,1213,1211
CFD-LM-217-162-N.jpg,1084,1375,1248,1246,1202,1292,1202,1288,1162,1154,1115,1213,1109,1107,1212,1210
CFD-LM-218-183-N.jpg,1083,1347,1220,1224,1178,1262,1186,1261,1166,1152,1121,1201,1118,1114,1201,1198
CFD-LM-219-295-N.jpg,1059,1366,1227,1224,1180,1273,1179,1269,1161,1164,1127,1221,1120,1121,1218,1219
CFD-LM-220-329-N.jpg,1066,1353,1218,1218,1173,1263,1176,1260,1161,1160,1126,1214,1119,1120,1211,1211
CFD-LM-221-216-N.jpg,1085,1374,1232,1237,1188,1276,1196,1278,1168,1158,1133,1216,1128,1126,1216,1214
CFD-LM-222-239-N.jpg,1082,1361,1228,1230,1184,1273,1190,1271,1143,1135,1121,1190,1114,1113,1189,1187
CFD-LM-223-175-N.jpg,1062,1354,1221,1218,1175,1267,1176,1258,1181,1177,1134,1218,1128,1128,1216,1217
CFD-LM-224-162-N.jpg,1068,1366,1225,1225,1179,1271,1182,1270,1167,1167,1131,1226,1123,1124,1224,1224
CFD-LM-225-130-N.jpg,1060,1354,1219,1217,1174,1265,1174,1259,1117,1120,1098,1179,1091,1092,1175,1177
CFD-LM-226-175-N.jpg,1076,1341,1208,1215,1166,1250,1175,1257,1187,1175,1135,1236,1130,1128,1235,1233
CFD-LM-227-103-N.jpg,1102,1371,1249,1251,1206,1291,1211,1291,1152,1140,1106,1196,1100,1098,1195,1193
CFD-LM-228-188-N.jpg,1057,1336,1202,1203,1158,1247,1162,1245,1164,1164,1120,1211,1114,1115,1209,1210
CFD-LM-229-187-N.jpg,1084,1365,1236,1237,1192,1280,1195,1278,1169,1155,1110,1204,1106,1103,1204,1201
CFD-LM-230-202-N.jpg,1074,1358,1224,1226,1178,1269,1182,1271,1188,1181,1129,1243,1123,1122,1241,1240
CFD-LM-231-214-N.jpg,1085,1358,1224,1229,1183,1266,1189,1270,1173,1167,1132,1226,1126,1125,1224,1224
CFD-LM-232-204-N.jpg,1087,1349,1229,1230,1187,1271,1189,1271,1157,1154,1122,1219,1115,1115,1216,1216
CFD-LM-233-171-N.jpg,1098,1364,1251,1249,1208,1291,1204,1292,1180,1168,1135,1249,1128,1126,1247,1245
CFD-LM-234-176-N.jpg,1081,1371,1237,1238,1191,1282,1194,1282,1189,1170,1144,1242,1138,1134,1242,1238
CFD-LM-235-231-N.jpg,1086,1342,1221,1222,1181,1262,1182,1261,1157,1148,1105,1198,1100,1098,1197,1196
CFD-LM-236-163-N.jpg,1104,1382,1258,1258,1215,1300,1217,1297,1154,1139,1102,1188,1097,1094,1188,1185
CFD-LM-237-264-N.jpg,1068,1349,1220,1219,1175,1264,1178,1260,1164,1167,1121,1209,1114,1116,1207,1209
CFD-LM-238-129-N.jpg,1100,1362,1240,1243,1198,1282,1200,1285,1196,1181,1135,1251,1130,1127,1250,1247
CFD-LM-239-075-N.jpg,1091,1368,1243,1243,1198,1287,1202,1284,1142,1134,1079,1177,1075,1073,1176,1175
CFD-LM-240-013-N.jpg,1076,1372,1225,1230,1179,1271,1191,1271,1136,1122,1073,1152,1070,1067,1153,1150
CFD-LM-241-125-N.jpg,1086,1365,1234,1239,1191,1277,1196,1281,1176,1166,1133,1232,1127,1125,1231,1229
CFD-LM-242-002-N.jpg,1084,1367,1239,1241,1194,1282,1197,1283,1165,1156,1132,1225,1126,1124,1223,1222
CFD-LM-243-075-N.jpg,1090,1356,1230,1232,1187,1272,1193,1270,1155,1141,1103,1186,1099,1096,1186,1184
CFD-LM-244-068-N.jpg,1092,1355,1228,1233,1187,1269,1194,1273,1176,1158,1120,1215,1116,1112,1215,1211
CFD-LM-246-087-N.jpg,1087,1361,1236,1234,1192,1279,1194,1274,1179,1165,1099,1198,1096,1093,1199,1197
CFD-LM-247-095-N.jpg,1079,1361,1228,1231,1184,1273,1188,1273,1177,1168,1134,1230,1128,1126,1228,1227
CFD-LM-248-089-N.jpg,1076,1349,1219,1223,1176,1262,1184,1263,1152,1142,1106,1193,1101,1099,1192,1190
CFD-LM-249-001-N.jpg,1081,1362,1227,1231,1183,1272,1190,1272,1138,1131,1105,1190,1100,1098,1188,1187
CFD-LM-250-077-N.jpg,1072,1357,1217,1222,1173,1262,1181,1264,1165,1157,1124,1214,1119,1117,1213,1211
CFD-LM-251-073-N.jpg,1081,1354,1226,1227,1183,1268,1187,1266,1149,1145,1099,1190,1093,1093,1188,1188
CFD-LM-252-076-N.jpg,1101,1367,1241,1245,1197,1284,1204,1285,1208,1195,1138,1249,1134,1132,1249,1247
CFD-LM-253-075-N.jpg,1091,1363,1239,1240,1196,1281,1199,1280,1179,1168,1124,1222,1119,1117,1221,1219
CFD-MF-300-002-N.jpg,1082,1338,1224,1219,1183,1264,1181,1256,1126,1135,1100,1180,1093,1096,1176,1179
CFD-MF-301-024-N.jpg,1079,1337,1213,1216,1174,1253,1178,1255,1141,1140,1122,1207,1116,1116,1204,1203
CFD-MF-302-027-N.jpg,1094,1345,1230,1232,1190,1269,1193,1270,1155,1153,1122,1215,1117,1117,1212,1212
CFD-MF-303-013-N.jpg,1113,1333,1230,1233,1195,1266,1197,1269,1157,1150,1107,1208,1102,1101,1206,1205
CFD-MF-304-018-N.jpg,1082,1353,1228,1231,1186,1269,1187,1274,1184,1177,1141,1255,1136,1134,1253,1251
CFD-MF-305-014-N.jpg,1100,1343,1231,1231,1193,1269,1192,1270,1164,1162,1120,1224,1114,1115,1221,1222
CFD-MF-306-003-N.jpg,1069,1344,1206,1211,1164,1248,1170,1254,1161,1153,1127,1221,1121,1120,1219,1218
CFD-MF-307-002-N.jpg,1080,1340,1217,1218,1177,1257,1177,1259,1193,1187,1141,1246,1135,1135,1244,1244
CFD-MF-308-001-N.jpg,1080,1326,1207,1210,1168,1246,1173,1248,1173,1170,1131,1228,1126,1126,1226,1226
CFD-MF-309-002-N.jpg,1083,1343,1228,1227,1186,1269,1186,1269,1180,1173,1132,1238,1126,1125,1235,1234
CFD-MF-310-027-N.jpg,1079,1340,1219,1220,1177,1260,1178,1262,1186,1175,1139,1248,1133,1132,1245,1244
CFD-MF-311-001-N.jpg,1097,1375,1250,1252,1206,1292,1208,1294,1208,1199,1155,1267,1150,1148,1265,1263
CFD-MF-312-002-N.jpg,1102,1361,1246,1245,1205,1286,1207,1282,1160,1153,1123,1201,1118,1117,1200,1199
CFD-MF-313-002-N.jpg,1084,1353,1231,1234,1188,1272,1191,1276,1188,1171,1157,1256,1153,1148,1255,1250
CFD-MF-314-001-N.jpg,1092,1354,1233,1234,1190,1275,1192,1277,1197,1187,1137,1254,1132,1130,1252,1250
CFD-MF-315-002-N.jpg,1101,1360,1241,1244,1199,1282,1201,1285,1186,1174,1134,1247,1130,1128,1244,1242
CFD-MF-316-001-N.jpg,1098,1338,1221,1226,1182,1262,1189,1264,1171,1160,1107,1208,1105,1102,1207,1205
CFD-MF-317-002-N.jpg,1089,1370,1241,1242,1197,1285,1199,1284,1173,1162,1139,1234,1134,1131,1232,1229
CFD-MF-318-022-N.jpg,1093,1361,1239,1240,1196,1282,1198,1282,1162,1150,1129,1224,1124,1121,1222,1219
CFD-MF-319-016-N.jpg,1089,1348,1229,1230,1188,1270,1190,1270,1163,1154,1122,1212,1118,1116,1211,1209
CFD-MF-320-002-N.jpg,1068,1320,1202,1204,1162,1242,1166,1242,1160,1157,1137,1221,1131,1131,1218,1218
CFD-MF-321-003-N.jpg,1105,1370,1250,1251,1208,1291,1210,1292,1197,1187,1146,1247,1141,1139,1246,1244
CFD-MF-322-020-N.jpg,1087,1350,1227,1231,1186,1268,1191,1271,1190,1182,1135,1233,1131,1129,1232,1230
CFD-MF-323-001-N.jpg,1082,1319,1202,1204,1165,1241,1170,1239,1139,1136,1088,1170,1084,1084,1169,1169
CFD-MF-324-031-N.jpg,1073,1335,1207,1211,1166,1249,1172,1251,1160,1154,1121,1216,1115,1114,1214,1213
CFD-MF-325-002-N.jpg,1092,1357,1228,1235,1186,1271,1195,1276,1187,1168,1122,1226,1120,1115,1226,1222
CFD-MF-326-016-N.jpg,1121,1360,1255,1256,1215,1293,1218,1293,1179,1166,1131,1229,1127,1124,1228,1225
CFD-MF-327-002-N.jpg,1114,1355,1248,1250,1209,1286,1212,1287,1165,1155,1134,1220,1129,1127,1219,1217
CFD-MF-328-020-N.jpg,1098,1341,1227,1230,1189,1265,1193,1266,1164,1158,1115,1211,1112,1110,1210,1209
CFD-MF-329-001-N.jpg,1096,1356,1229,1235,1188,1270,1198,1272,1153,1140,1102,1185,1099,1096,1185,1182
CFD-MF-330-001-N.jpg,1087,1335,1221,1221,1182,1259,1183,1260,1176,1171,1143,1238,1136,1136,1235,1235
CFD-MF-331-010-N.jpg,1059,1366,1229,1227,1182,1276,1179,1274,1181,1184,1145,1264,1138,1139,1259,1260
CFD-MF-332-014-N.jpg,1080,1344,1219,1220,1178,1261,1179,1261,1177,1178,1134,1240,1128,1129,1237,1237
CFD-MF-333-012-N.jpg,1061,1337,1211,1210,1167,1255,1166,1255,1171,1170,1120,1234,1114,1115,1230,1231
CFD-MF-334-002-N.jpg,1077,1351,1222,1226,1177,1268,1180,1272,1213,1210,1149,1280,1143,1143,1277,1276
CFD-MF-335-002-N.jpg,1090,1340,1223,1224,1183,1262,1186,1262,1162,1160,1133,1221,1127,1127,1218,1218
CFD-MF-336-016-N.jpg,1086,1338,1225,1224,1185,1265,1184,1263,1168,1168,1134,1234,1127,1128,1230,1232
CFD-MF-337-026-N.jpg,1106,1338,1224,1232,1187,1261,1194,1271,1154,1146,1115,1222,1110,1108,1219,1217
CFD-MF-338-001-N.jpg,1081,1339,1215,1219,1174,1257,1176,1262,1183,1176,1133,1252,1127,1126,1248,1247
CFD-MF-339-002-N.jpg,1102,1361,1244,1244,1203,1285,1205,1283,1171,1162,1131,1217,1127,1125,1215,1214
CFD-MF-340-026-N.jpg,1101,1365,1245,1249,1203,1286,1206,1291,1175,1167,1136,1241,1130,1128,1238,1237
CFD-MF-341-018-N.jpg,1067,1335,1202,1203,1161,1245,1164,1244,1150,1149,1107,1200,1102,1102,1197,1198
CFD-MF-342-022-N.jpg,1107,1353,1239,1242,1199,1278,1204,1280,1176,1168,1135,1234,1130,1128,1232,1231
CFD-MF-343-001-N.jpg,1074,1339,1215,1213,1174,1258,1173,1255,1164,1166,1120,1221,1113,1115,1218,1219
CFD-MF-344-012-N.jpg,1081,1335,1218,1217,1177,1259,1176,1259,1179,1179,1141,1248,1134,1136,1244,1245
CFD-MF-345-025-N.jpg,1101,1352,1236,1237,1196,1276,1196,1277,1189,1185,1135,1246,1130,1130,1242,1243
CFD-MF-346-008-N.jpg,1068,1331,1211,1207,1170,1253,1168,1247,1157,1167,1140,1223,1132,1135,1218,1222
CFD-MF-347-001-N.jpg,1097,1363,1246,1245,1203,1287,1204,1284,1167,1157,1125,1217,1120,1118,1215,1214
CFD-MF-348-018-N.jpg,1071,1329,1208,1209,1167,1249,1170,1250,1169,1169,1128,1224,1123,1124,1221,1222
CFD-MF-349-036-N.jpg,1090,1363,1234,1238,1192,1277,1197,1280,1195,1186,1158,1255,1152,1150,1253,1252
CFD-MF-350-029-N.jpg,1071,1339,1205,1208,1165,1247,1171,1247,1146,1145,1107,1190,1102,1102,1188,1188
CFD-MF-351-017-N.jpg,1069,1326,1202,1206,1162,1243,1169,1245,1167,1162,1124,1215,1120,1119,1214,1213
CFD-MF-352-054-N.jpg,1093,1334,1225,1222,1186,1264,1185,1260,1173,1169,1123,1223,1118,1119,1221,1221
CFD-MF-353-204-N.jpg,1105,1343,1233,1235,1195,1270,1199,1270,1167,1164,1137,1222,1132,1132,1220,1219
CFD-MF-354-067-N.jpg,1091,1355,1231,1234,1190,1272,1193,1274,1154,1146,1117,1211,1111,1110,1208,1208
CFD-MF-355-022-N.jpg,1097,1359,1234,1238,1194,1274,1200,1277,1183,1172,1136,1230,1131,1129,1230,1228
CFD-MF-356-017-N.jpg,1104,1353,1242,1241,1202,1281,1201,1280,1162,1152,1123,1220,1117,1116,1217,1216
CFD-MF-357-002-N.jpg,1106,1349,1234,1237,1196,1272,1201,1273,1157,1149,1119,1202,1114,1113,1201,1199
CFD-MF-358-001-N.jpg,1079,1332,1215,1216,1176,1254,1175,1256,1172,1174,1141,1243,1133,1135,1239,1241
CFD-MF-359-019-N.jpg,1057,1314,1185,1185,1146,1226,1147,1226,1153,1159,1129,1220,1121,1124,1215,1218
CFD-MF-360-106-N.jpg,1091,1368,1245,1244,1201,1288,1203,1284,1160,1156,1118,1213,1113,1112,1211,1211
CFD-MF-361-006-N.jpg,1104,1355,1238,1240,1199,1277,1200,1280,1179,1171,1131,1238,1126,1125,1236,1236
CFD-MM-300-035-N.jpg,1079,1337,1223,1220,1183,1263,1178,1260,1162,1163,1144,1240,1136,1137,1236,1237
CFD-MM-301-011-N.jpg,1098,1348,1233,1233,1193,1273,1195,1270,1166,1163,1124,1216,1118,1119,1213,1215
CFD-MM-302-002-N.jpg,1105,1352,1236,1242,1196,1275,1203,1279,1175,1163,1135,1230,1130,1128,1228,1226
CFD-MM-303-002-N.jpg,1078,1348,1220,1220,1178,1262,1179,1260,1153,1153,1119,1210,1112,1113,1207,1209
CFD-MM-304-002-N.jpg,1073,1367,1228,1232,1181,1274,1187,1278,1172,1167,1139,1243,1131,1131,1239,1239
CFD-MM-305-003-N.jpg,1081,1339,1212,1216,1171,1254,1177,1255,1160,1150,1113,1205,1109,1106,1204,1202
CFD-MM-306-010-N.jpg,1101,1357,1246,1242,1204,1286,1204,1279,1162,1160,1127,1210,1121,1121,1207,1208
CFD-MM-307-002-N.jpg,1070,1319,1195,1198,1157,1235,1161,1235,1191,1191,1146,1241,1140,1141,1238,1240
CFD-MM-308-001-N.jpg,1079,1339,1217,1220,1175,1258,1179,1260,1169,1165,1135,1234,1129,1128,1231,1230
CFD-MM-309-027-N.jpg,1080,1339,1222,1221,1181,1263,1181,1260,1158,1163,1127,1220,1119,1121,1216,1219
CFD-MM-310-001-N.jpg,1084,1334,1213,1216,1174,1253,1178,1254,1161,1156,1117,1210,1112,1111,1208,1208
CFD-MM-311-001-N.jpg,1091,1352,1226,1229,1185,1267,1194,1266,1165,1152,1107,1187,1105,1102,1188,1186
CFD-MM-312-002-N.jpg,1075,1345,1220,1217,1178,1262,1178,1256,1159,1156,1122,1205,1116,1116,1203,1203
CFD-MM-313-002-N.jpg,1075,1342,1221,1219,1178,1263,1176,1260,1147,1146,1126,1225,1118,1119,1221,1221
CFD-MM-314-062-N.jpg,1076,1357,1228,1227,1185,1271,1187,1266,1169,1168,1142,1215,1136,1136,1213,1214
CFD-MM-315-013-N.jpg,1099,1351,1232,1233,1192,1272,1196,1271,1157,1151,1109,1201,1104,1104,1199,1199
CFD-MM-316-156-N.jpg,1111,1357,1246,1248,1207,1284,1210,1284,1134,1127,1108,1190,1103,1101,1188,1186
CFD-MM-317-061-N.jpg,1096,1356,1231,1236,1189,1273,1197,1275,1183,1168,1122,1217,1119,1115,1218,1214
CFD-MM-318-003-N.jpg,1109,1352,1240,1242,1200,1281,1203,1281,1183,1176,1125,1232,1120,1120,1230,1230
CFD-MM-319-052-N.jpg,1094,1348,1231,1232,1191,1270,1193,1271,1160,1150,1117,1209,1112,1110,1208,1206
CFD-MM-320-124-N.jpg,1104,1346,1236,1237,1199,1274,1201,1271,1152,1147,1120,1199,1114,1114,1197,1197
CFD-MM-321-021-N.jpg,1085,1365,1237,1237,1194,1280,1197,1277,1181,1173,1139,1225,1133,1131,1224,1223
CFD-MM-322-002-N.jpg,1095,1351,1233,1234,1193,1273,1195,1272,1187,1177,1128,1229,1123,1122,1228,1227
CFD-MM-323-053-N.jpg,1114,1356,1241,1247,1201,1281,1207,1287,1178,1170,1130,1235,1124,1124,1232,1232
CFD-MM-324-069-N.jpg,1105,1365,1244,1246,1202,1285,1206,1284,1197,1182,1135,1231,1131,1128,1231,1229
CFD-MM-325-002-N.jpg,1091,1345,1229,1228,1188,1270,1188,1268,1182,1175,1122,1229,1117,1117,1227,1228
CFD-WF-001-003-N.jpg,1092,1352,1231,1231,1191,1272,1193,1269,1142,1137,1118,1193,1113,1112,1190,1190
CFD-WF-002-004-N.jpg,1093,1340,1216,1222,1178,1256,1188,1257,1135,1126,1091,1167,1088,1086,1167,1166
CFD-WF-003-003-N.jpg,1077,1342,1214,1214,1174,1255,1176,1252,1143,1150,1117,1197,1110,1113,1194,1197
CFD-WF-005-010-N.jpg,1078,1341,1216,1215,1175,1257,1178,1253,1144,1146,1116,1196,1109,1111,1194,1195
CFD-WF-007-001-N.jpg,1053,1328,1194,1193,1151,1239,1153,1234,1109,1122,1091,1175,1083,1088,1170,1175
CFD-WF-010-004-N.jpg,1076,1333,1217,1213,1177,1258,1173,1252,1148,1159,1106,1201,1099,1103,1197,1201
CFD-WF-011-002-N.jpg,1095,1343,1225,1227,1186,1265,1189,1265,1142,1136,1105,1197,1100,1099,1194,1193
CFD-WF-012-002-N.jpg,1069,1319,1200,1198,1161,1241,1160,1238,1151,1160,1122,1219,1114,1119,1214,1218
CFD-WF-013-003-N.jpg,1061,1337,1205,1205,1163,1247,1164,1246,1150,1154,1128,1216,1120,1122,1213,1215
CFD-WF-014-002-N.jpg,1073,1346,1220,1220,1179,1262,1179,1260,1150,1148,1114,1207,1107,1107,1204,1205
CFD-WF-015-006-N.jpg,1089,1340,1217,1223,1178,1258,1184,1262,1157,1151,1119,1218,1115,1113,1216,1214
CFD-WF-016-015-N.jpg,1080,1332,1211,1214,1171,1251,1176,1253,1155,1152,1117,1212,1112,1112,1210,1209
CFD-WF-017-003-N.jpg,1112,1350,1240,1244,1202,1278,1207,1280,1140,1135,1101,1191,1096,1095,1189,1187
CFD-WF-018-017-N.jpg,1092,1343,1228,1232,1188,1268,1193,1271,1158,1153,1112,1209,1107,1107,1207,1207
CFD-WF-019-005-N.jpg,1095,1347,1233,1234,1191,1273,1195,1272,1172,1161,1114,1215,1110,1108,1214,1212
CFD-WF-020-002-N.jpg,1108,1349,1237,1239,1199,1276,1203,1276,1163,1158,1119,1218,1115,1114,1216,1216
CFD-WF-021-002-N.jpg,1109,1352,1232,1241,1193,1271,1204,1279,1181,1165,1131,1227,1128,1124,1227,1223
CFD-WF-022-017-N.jpg,1069,1345,1217,1216,1174,1260,1174,1258,1156,1152,1114,1214,1108,1107,1211,1211
CFD-WF-024-003-N.jpg,1085,1333,1214,1215,1176,1254,1177,1254,1156,1154,1120,1212,1113,1115,1209,1211
CFD-WF-025-019-N.jpg,1088,1327,1206,1211,1169,1244,1175,1249,1155,1148,1117,1205,1112,1111,1203,1203
CFD-WF-026-002-N.jpg,1090,1356,1233,1231,1191,1275,1192,1271,1193,1189,1139,1235,1133,1134,1233,1234
CFD-WF-027-003-N.jpg,1060,1343,1214,1212,1170,1257,1172,1253,1145,1149,1137,1215,1129,1130,1212,1212
CFD-WF-028-023-N.jpg,1075,1337,1221,1216,1180,1262,1175,1257,1146,1151,1108,1217,1101,1104,1212,1216
CFD-WF-029-002-N.jpg,1073,1319,1194,1198,1156,1233,1162,1236,1130,1130,1096,1182,1090,1091,1180,1181
CFD-WF-030-002-N.jpg,1079,1325,1204,1204,1166,1243,1169,1241,1153,1152,1102,1194,1098,1098,1191,1193
CFD-WF-031-027-N.jpg,1070,1342,1216,1213,1175,1257,1175,1252,1153,1156,1123,1203,1117,1118,1200,1202
CFD-WF-033-002-N.jpg,1083,1340,1217,1219,1177,1258,1181,1257,1143,1137,1098,1188,1093,1092,1186,1185
CFD-WF-034-006-N.jpg,1097,1343,1225,1227,1187,1264,1192,1264,1145,1138,1115,1199,1109,1108,1197,1196
CFD-WF-035-024-N.jpg,1076,1344,1218,1219,1176,1260,1179,1260,1153,1144,1106,1197,1101,1099,1196,1193
CFD-WF-036-023-N.jpg,1100,1333,1220,1223,1183,1257,1189,1257,1145,1144,1113,1191,1107,1108,1189,1189
CFD-WF-037-029-N.jpg,1096,1351,1233,1235,1193,1272,1196,1272,1163,1158,1120,1206,1115,1114,1205,1204
CFD-WF-038-021-N.jpg,1080,1340,1218,1217,1178,1259,1179,1254,1152,1155,1112,1201,1106,1108,1199,1200
CFD-WF-039-025-N.jpg,1090,1329,1207,1210,1171,1246,1176,1245,1148,1152,1105,1188,1100,1102,1186,1188
CFD-WF-200-099-N.jpg,1083,1365,1234,1237,1189,1277,1195,1279,1170,1163,1123,1225,1117,1116,1224,1223
CFD-WF-201-156-N.jpg,1103,1362,1239,1241,1198,1280,1202,1281,1187,1177,1145,1239,1140,1139,1238,1237
CFD-WF-202-056-N.jpg,1063,1318,1198,1198,1157,1240,1157,1239,1180,1181,1121,1241,1115,1117,1237,1239
CFD-WF-203-229-N.jpg,1056,1337,1204,1202,1161,1247,1161,1243,1166,1167,1130,1216,1124,1124,1214,1215
CFD-WF-204-038-N.jpg,1092,1351,1234,1233,1193,1274,1196,1269,1163,1165,1111,1199,1106,1107,1197,1198
CFD-WF-205-006-N.jpg,1104,1342,1232,1233,1194,1271,1194,1272,1161,1157,1115,1223,1109,1110,1219,1219
CFD-WF-206-147-N.jpg,1086,1333,1213,1217,1175,1251,1182,1254,1181,1176,1131,1221,1127,1126,1220,1219
CFD-WF-207-014-N.jpg,1084,1346,1219,1223,1178,1260,1186,1261,1151,1142,1116,1197,1112,1110,1196,1194
CFD-WF-208-068-N.jpg,1088,1349,1228,1229,1187,1268,1190,1269,1179,1172,1129,1230,1124,1123,1228,1227
CFD-WF-209-052-N.jpg,1070,1357,1226,1225,1182,1271,1184,1266,1146,1149,1111,1198,1105,1106,1196,1197
CFD-WF-210-086-N.jpg,1087,1331,1211,1212,1173,1251,1178,1248,1112,1115,1074,1149,1069,1071,1146,1148
CFD-WF-211-001-N.jpg,1090,1356,1239,1239,1195,1280,1198,1279,1158,1146,1125,1212,1120,1117,1211,1208
CFD-WF-212-050-N.jpg,1096,1366,1249,1247,1206,1289,1205,1287,1166,1151,1134,1220,1129,1125,1219,1215
CFD-WF-213-031-N.jpg,1075,1339,1218,1216,1176,1260,1179,1254,1140,1142,1121,1201,1115,1116,1198,1199
CFD-WF-214-122-N.jpg,1055,1330,1199,1198,1157,1243,1157,1241,1174,1177,1143,1243,1135,1137,1240,1241
CFD-WF-215-145-N.jpg,1055,1365,1216,1220,1168,1265,1173,1268,1177,1172,1145,1253,1138,1137,1250,1249
CFD-WF-216-079-N.jpg,1075,1370,1234,1232,1189,1279,1189,1275,1143,1143,1122,1203,1114,1115,1199,1200
CFD-WF-217-085-N.jpg,1084,1341,1220,1218,1181,1261,1182,1256,1170,1167,1121,1204,1116,1117,1203,1204
CFD-WF-218-087-N.jpg,1087,1348,1225,1227,1185,1266,1188,1267,1152,1146,1117,1208,1111,1110,1205,1205
CFD-WF-219-038-N.jpg,1069,1339,1214,1214,1171,1258,1173,1256,1168,1168,1124,1227,1117,1119,1224,1225
CFD-WF-220-101-N.jpg,1078,1351,1226,1226,1183,1269,1184,1269,1151,1143,1122,1216,1116,1115,1213,1212
CFD-WF-221-005-N.jpg,1082,1344,1216,1219,1174,1259,1180,1260,1171,1165,1121,1222,1116,1115,1220,1219
CFD-WF-222-092-N.jpg,1089,1352,1230,1230,1188,1271,1191,1270,1169,1159,1114,1208,1110,1108,1207,1206
CFD-WF-223-133-N.jpg,1070,1350,1218,1218,1175,1261,1179,1258,1152,1151,1116,1195,1110,1110,1194,1194
CFD-WF-224-099-N.jpg,1072,1355,1221,1225,1178,1263,1185,1266,1179,1165,1125,1220,1121,1117,1220,1216
CFD-WF-225-101-N.jpg,1085,1351,1220,1225,1177,1263,1184,1267,1184,1176,1142,1244,1135,1135,1241,1240
CFD-WF-226-095-N.jpg,1087,1352,1228,1230,1187,1270,1190,1270,1158,1149,1118,1213,1113,1111,1211,1209
CFD-WF-227-002-N.jpg,1097,1363,1236,1238,1194,1278,1200,1277,1155,1143,1105,1193,1101,1098,1193,1190
CFD-WF-228-196-N.jpg,1083,1361,1232,1231,1189,1274,1191,1272,1174,1166,1136,1226,1131,1129,1225,1223
CFD-WF-229-004-N.jpg,1094,1334,1215,1219,1177,1255,1183,1257,1169,1160,1107,1214,1103,1102,1212,1211
CFD-WF-230-158-N.jpg,1082,1356,1231,1232,1188,1273,1191,1271,1175,1165,1138,1223,1133,1131,1222,1220
CFD-WF-231-099-N.jpg,1099,1370,1238,1244,1197,1280,1203,1285,1195,1178,1131,1237,1128,1124,1237,1234
CFD-WF-232-161-N.jpg,1084,1369,1240,1239,1196,1283,1198,1280,1153,1148,1125,1208,1119,1118,1207,1205
CFD-WF-233-112-N.jpg,1105,1352,1233,1236,1194,1272,1200,1273,1155,1146,1113,1200,1108,1107,1199,1198
CFD-WF-234-086-N.jpg,1102,1358,1236,1238,1196,1276,1200,1277,1152,1137,1112,1197,1108,1105,1196,1193
CFD-WF-235-121-N.jpg,1093,1361,1237,1238,1195,1279,1198,1277,1179,1173,1125,1224,1120,1119,1223,1223
CFD-WF-236-107-N.jpg,1100,1361,1247,1247,1205,1287,1205,1288,1200,1191,1145,1260,1140,1139,1257,1256
CFD-WF-237-067-N.jpg,1094,1357,1235,1237,1193,1276,1197,1277,1183,1170,1123,1226,1119,1117,1226,1223
CFD-WF-238-023-N.jpg,1090,1369,1239,1241,1197,1280,1200,1283,1163,1156,1123,1218,1118,1116,1216,1215
CFD-WF-239-155-N.jpg,1101,1348,1228,1234,1189,1267,1198,1272,1145,1133,1094,1183,1090,1087,1182,1180
CFD-WF-240-083-N.jpg,1100,1367,1246,1249,1204,1287,1207,1291,1180,1172,1130,1241,1124,1123,1239,1237
CFD-WF-241-210-N.jpg,1099,1379,1253,1254,1209,1296,1211,1295,1163,1149,1129,1215,1123,1121,1214,1212
CFD-WF-242-001-N.jpg,1087,1353,1229,1230,1187,1271,1190,1270,1154,1151,1125,1217,1119,1119,1214,1213
CFD-WF-243-148-N.jpg,1092,1366,1235,1238,1193,1278,1198,1280,1144,1138,1125,1211,1118,1116,1208,1207
CFD-WF-244-163-N.jpg,1103,1343,1226,1230,1189,1265,1194,1266,1161,1153,1106,1201,1103,1101,1200,1199
CFD-WF-245-084-N.jpg,1074,1359,1221,1225,1177,1265,1182,1269,1195,1183,1137,1248,1132,1130,1247,1245
CFD-WF-246-087-N.jpg,1075,1353,1215,1220,1171,1259,1179,1263,1164,1155,1122,1216,1116,1114,1214,1213
CFD-WF-247-065-N.jpg,1084,1339,1218,1220,1178,1259,1183,1257,1164,1164,1126,1212,1120,1121,1210,1211
CFD-WF-248-129-N.jpg,1097,1365,1239,1239,1197,1281,1201,1277,1170,1166,1119,1205,1114,1114,1204,1204
CFD-WF-249-126-N.jpg,1107,1346,1237,1237,1200,1274,1202,1271,1150,1142,1099,1183,1095,1094,1183,1181
CFD-WF-250-167-N.jpg,1115,1367,1249,1251,1210,1287,1216,1286,1153,1147,1126,1200,1122,1121,1198,1197
CFD-WF-251-014-N.jpg,1096,1354,1232,1234,1191,1273,1195,1274,1187,1179,1128,1230,1123,1122,1229,1228
CFD-WF-252-159-N.jpg,1087,1353,1224,1227,1183,1265,1188,1267,1150,1143,1114,1205,1109,1107,1203,1202
CFD-WM-001-014-N.jpg,1106,1346,1236,1241,1196,1274,1203,1279,1157,1144,1114,1209,1109,1106,1208,1205
CFD-WM-002-009-N.jpg,1087,1353,1233,1230,1191,1275,1189,1271,1158,1157,1115,1217,1108,1109,1214,1216
CFD-WM-003-002-N.jpg,1084,1363,1244,1242,1199,1287,1196,1285,1167,1166,1147,1248,1138,1139,1243,1243
CFD-WM-004-010-N.jpg,1083,1350,1222,1224,1181,1263,1185,1263,1183,1173,1134,1224,1129,1127,1223,1222
CFD-WM-006-002-N.jpg,1078,1341,1221,1220,1179,1263,1181,1258,1162,1161,1128,1213,1121,1122,1211,1212
CFD-WM-009-002-N.jpg,1099,1354,1237,1240,1197,1277,1200,1279,1170,1161,1120,1221,1114,1113,1219,1219
CFD-WM-010-001-N.jpg,1117,1353,1241,1247,1203,1279,1209,1284,1172,1157,1115,1218,1111,1108,1217,1215
CFD-WM-011-002-N.jpg,1082,1349,1221,1224,1179,1264,1183,1266,1182,1176,1125,1237,1119,1119,1235,1234
CFD-WM-012-001-N.jpg,1082,1338,1217,1219,1177,1257,1181,1257,1131,1126,1097,1180,1092,1091,1178,1178
CFD-WM-013-001-N.jpg,1074,1343,1216,1216,1174,1258,1177,1255,1159,1158,1114,1201,1108,1109,1199,1200
CFD-WM-015-002-N.jpg,1083,1355,1229,1230,1186,1271,1190,1271,1160,1157,1118,1211,1112,1112,1210,1210
CFD-WM-016-001-N.jpg,1067,1340,1205,1207,1163,1250,1169,1247,1152,1149,1111,1191,1105,1106,1190,1190
CFD-WM-018-002-N.jpg,1100,1366,1240,1244,1199,1281,1203,1285,1174,1154,1125,1221,1120,1115,1221,1217
CFD-WM-019-003-N.jpg,1069,1315,1193,1195,1155,1233,1160,1231,1133,1136,1100,1184,1094,1095,1181,1183
CFD-WM-020-001-N.jpg,1077,1330,1212,1211,1173,1251,1173,1248,1144,1147,1105,1193,1098,1100,1190,1192
CFD-WM-022-001-N.jpg,1060,1336,1204,1205,1161,1247,1164,1247,1144,1145,1119,1205,1111,1112,1201,1203
CFD-WM-023-001-N.jpg,1067,1336,1204,1205,1162,1247,1167,1245,1185,1180,1129,1219,1124,1123,1218,1218
CFD-WM-024-015-N.jpg,1097,1357,1243,1242,1202,1283,1202,1281,1148,1138,1111,1199,1106,1104,1197,1195
CFD-WM-025-002-N.jpg,1084,1341,1222,1223,1181,1262,1183,1262,1154,1148,1122,1211,1116,1115,1209,1209
CFD-WM-026-001-N.jpg,1100,1362,1241,1246,1198,1282,1203,1289,1180,1161,1131,1244,1126,1122,1243,1238
CFD-WM-028-003-N.jpg,1063,1342,1210,1209,1166,1255,1168,1251,1153,1154,1127,1215,1120,1121,1212,1213
CFD-WM-029-023-N.jpg,1075,1335,1206,1209,1167,1247,1172,1248,1155,1147,1121,1201,1115,1114,1200,1199
CFD-WM-031-003-N.jpg,1071,1347,1213,1217,1171,1256,1176,1259,1164,1152,1134,1223,1128,1125,1221,1219
CFD-WM-032-001-N.jpg,1057,1333,1199,1199,1157,1241,1160,1239,1135,1137,1113,1193,1106,1107,1189,1191
CFD-WM-033-025-N.jpg,1091,1357,1229,1236,1187,1271,1195,1277,1173,1161,1131,1230,1125,1123,1228,1226
CFD-WM-034-030-N.jpg,1092,1356,1237,1236,1194,1278,1195,1276,1159,1154,1116,1220,1109,1109,1217,1217
CFD-WM-035-032-N.jpg,1096,1334,1224,1226,1185,1263,1188,1264,1165,1160,1108,1215,1102,1102,1213,1213
CFD-WM-037-025-N.jpg,1108,1350,1239,1239,1199,1278,1200,1279,1186,1176,1123,1237,1118,1117,1235,1234
CFD-WM-038-003-N.jpg,1082,1329,1210,1212,1172,1249,1176,1250,1148,1147,1100,1195,1094,1095,1192,1193
CFD-WM-039-018-N.jpg,1083,1335,1207,1211,1168,1247,1174,1252,1166,1161,1128,1218,1122,1122,1215,1215
CFD-WM-040-022-N.jpg,1077,1358,1230,1229,1186,1274,1186,1272,1134,1128,1106,1204,1099,1098,1201,1200
CFD-WM-041-021-N.jpg,1090,1347,1230,1230,1188,1271,1189,1270,1152,1146,1095,1204,1090,1089,1202,1202
CFD-WM-200-034-N.jpg,1069,1324,1200,1202,1160,1242,1163,1242,1170,1168,1119,1222,1113,1114,1219,1220
CFD-WM-201-063-N.jpg,1095,1356,1232,1234,1191,1272,1197,1272,1142,1128,1102,1182,1097,1094,1181,1179
CFD-WM-202-107-N.jpg,1082,1364,1230,1233,1186,1275,1189,1276,1181,1166,1119,1225,1114,1111,1224,1221
CFD-WM-203-023-N.jpg,1096,1357,1235,1237,1194,1276,1198,1277,1149,1140,1103,1195,1097,1096,1194,1193
CFD-WM-204-031-N.jpg,1051,1320,1195,1194,1154,1237,1156,1234,1206,1211,1174,1258,1167,1170,1255,1258
CFD-WM-205-007-N.jpg,1102,1372,1245,1248,1203,1288,1208,1288,1163,1153,1121,1213,1115,1113,1211,1210
CFD-WM-206-045-N.jpg,1075,1339,1212,1214,1171,1253,1174,1254,1166,1158,1131,1228,1125,1123,1226,1225
CFD-WM-207-048-N.jpg,1066,1357,1216,1222,1170,1262,1179,1266,1155,1148,1124,1217,1117,1116,1214,1213
CFD-WM-208-068-N.jpg,1080,1369,1236,1236,1191,1281,1196,1276,1129,1128,1107,1179,1101,1101,1177,1176
CFD-WM-209-038-N.jpg,1084,1337,1216,1218,1175,1256,1181,1257,1139,1139,1109,1196,1102,1103,1193,1193
CFD-WM-210-057-N.jpg,1079,1344,1217,1219,1175,1259,1178,1261,1124,1118,1089,1178,1083,1082,1176,1175
CFD-WM-211-054-N.jpg,1084,1347,1221,1224,1180,1264,1183,1265,1181,1181,1132,1238,1125,1126,1235,1237
CFD-WM-212-097-N.jpg,1077,1352,1218,1221,1174,1262,1182,1262,1173,1161,1126,1212,1121,1118,1212,1210
CFD-WM-213-076-N.jpg,1076,1366,1230,1233,1185,1275,1188,1277,1165,1158,1111,1221,1105,1104,1218,1218
CFD-WM-214-026-N.jpg,1094,1363,1232,1237,1191,1274,1197,1279,1161,1151,1122,1215,1116,1115,1213,1212
CFD-WM-215-041-N.jpg,1087,1353,1231,1231,1190,1272,1191,1270,1159,1150,1122,1210,1116,1114,1209,1208
CFD-WM-216-061-N.jpg,1093,1350,1227,1230,1187,1268,1191,1269,1178,1167,1128,1225,1122,1120,1224,1222
CFD-WM-217-070-N.jpg,1077,1342,1220,1220,1177,1263,1179,1262,1149,1148,1126,1217,1119,1119,1213,1214
CFD-WM-218-074-N.jpg,1089,1333,1220,1221,1181,1259,1184,1257,1162,1159,1127,1211,1121,1121,1209,1209
CFD-WM-219-008-N.jpg,1082,1350,1220,1224,1178,1263,1185,1264,1154,1144,1121,1202,1116,1114,1201,1199
CFD-WM-220-068-N.jpg,1080,1338,1218,1219,1177,1258,1180,1257,1137,1134,1100,1189,1093,1094,1187,1187
CFD-WM-221-091-N.jpg,1099,1359,1239,1242,1197,1279,1203,1279,1144,1132,1099,1180,1094,1092,1179,1177
CFD-WM-222-057-N.jpg,1076,1335,1212,1214,1171,1253,1177,1252,1150,1146,1107,1195,1102,1102,1194,1194
CFD-WM-223-056-N.jpg,1083,1380,1246,1246,1200,1290,1203,1288,1170,1159,1132,1218,1125,1124,1217,1216
CFD-WM-224-197-N.jpg,1101,1332,1218,1223,1182,1255,1187,1260,1146,1138,1096,1197,1091,1090,1195,1195
CFD-WM-225-127-N.jpg,1079,1345,1212,1215,1171,1254,1177,1255,1155,1149,1120,1203,1114,1113,1202,1201
CFD-WM-227-099-N.jpg,1090,1345,1223,1225,1182,1265,1188,1263,1140,1126,1087,1169,1084,1081,1168,1166
CFD-WM-228-065-N.jpg,1076,1359,1231,1229,1186,1274,1188,1270,1124,1124,1082,1168,1076,1077,1165,1166
CFD-WM-229-129-N.jpg,1072,1323,1201,1204,1161,1243,1164,1245,1183,1176,1130,1239,1124,1123,1236,1236
CFD-WM-230-131-N.jpg,1082,1366,1238,1238,1194,1281,1197,1277,1155,1144,1123,1200,1119,1116,1199,1197
CFD-WM-231-112-N.jpg,1095,1353,1228,1232,1187,1268,1194,1270,1181,1169,1135,1224,1131,1127,1223,1221
CFD-WM-232-070-N.jpg,1094,1353,1231,1235,1190,1273,1194,1275,1175,1164,1121,1224,1115,1114,1222,1221
CFD-WM-233-106-N.jpg,1099,1381,1256,1256,1211,1299,1214,1295,1164,1153,1126,1211,1121,1118,1210,1208
CFD-WM-234-118-N.jpg,1087,1360,1237,1236,1193,1279,1197,1273,1136,1133,1105,1178,1099,1099,1177,1177
CFD-WM-235-147-N.jpg,1073,1344,1220,1218,1177,1262,1178,1258,1163,1155,1119,1209,1114,1113,1208,1207
CFD-WM-236-072-N.jpg,1081,1352,1231,1228,1188,1274,1186,1270,1163,1162,1113,1213,1107,1108,1210,1211
CFD-WM-237-052-N.jpg,1077,1344,1213,1217,1172,1255,1178,1257,1152,1149,1117,1202,1110,1110,1200,1201
CFD-WM-238-020-N.jpg,1087,1348,1223,1227,1181,1264,1187,1267,1155,1144,1108,1205,1103,1101,1204,1202
CFD-WM-239-128-N.jpg,1061,1324,1198,1197,1156,1241,1158,1237,1144,1147,1100,1194,1094,1096,1191,1193
CFD-WM-240-125-N.jpg,1099,1344,1234,1235,1194,1274,1194,1275,1189,1178,1115,1238,1110,1109,1236,1235
CFD-WM-241-072-N.jpg,1090,1351,1225,1229,1184,1266,1189,1268,1177,1165,1137,1230,1131,1129,1228,1227
CFD-WM-242-011-N.jpg,1094,1363,1237,1241,1194,1281,1199,1282,1176,1166,1127,1229,1122,1120,1227,1226
CFD-WM-243-107-N.jpg,1090,1358,1234,1237,1192,1276,1198,1276,1145,1131,1105,1186,1100,1097,1186,1183
CFD-WM-244-003-N.jpg,1066,1375,1236,1236,1187,1283,1188,1281,1168,1160,1120,1223,1113,1112,1221,1220
CFD-WM-245-123-N.jpg,1070,1344,1212,1214,1169,1255,1174,1255,1152,1150,1115,1199,1109,1109,1197,1197
CFD-WM-247-084-N.jpg,1089,1361,1236,1236,1193,1277,1198,1274,1163,1156,1127,1203,1122,1120,1202,1201
CFD-WM-248-036-N.jpg,1076,1365,1228,1231,1183,1272,1189,1273,1178,1160,1137,1226,1132,1128,1225,1222
CFD-WM-249-239-N.jpg,1095,1362,1238,1240,1197,1279,1202,1277,1171,1158,1116,1202,1113,1110,1203,1200
CFD-WM-250-157-N.jpg,1087,1351,1228,1232,1185,1270,1191,1273,1174,1160,1125,1222,1120,1117,1221,1218
CFD-WM-251-002-N.jpg,1060,1355,1215,1218,1170,1261,1174,1263,1187,1184,1150,1256,1143,1142,1254,1253
CFD-WM-252-224-N.jpg,1066,1377,1232,1234,1183,1281,1188,1279,1162,1157,1135,1227,1127,1127,1225,1223
CFD-WM-253-119-N.jpg,1047,1367,1225,1218,1176,1273,1169,1267,1183,1198,1140,1258,1130,1135,1252,1257
CFD-WM-254-152-N.jpg,1069,1352,1215,1218,1171,1260,1176,1262,1154,1144,1098,1198,1093,1091,1197,1195
CFD-WM-255-219-N.jpg,1094,1366,1236,1240,1194,1277,1201,1278,1148,1134,1114,1193,1110,1106,1192,1189
CFD-WM-256-138-N.jpg,1103,1358,1237,1243,1196,1277,1202,1283,1172,1151,1108,1216,1105,1100,1216,1211
CFD-WM-257-161-N.jpg,1092,1374,1245,1244,1201,1287,1203,1284,1169,1156,1118,1204,1114,1111,1204,1202
CFD-WM-258-125-N.jpg,1102,1363,1237,1243,1197,1277,1206,1279,1153,1137,1108,1189,1105,1101,1190,1187
