image_name,corners,centers,left_angle,right angle
CFD-AF-200-228-N.jpg,246.0020325,100.1798383,43.4194731,44.92456123
CFD-AF-201-060-N.jpg,234.0534127,104.0432602,44.35884749,51.95170453
CFD-AF-202-122-N.jpg,295.0016949,97.02061637,34.72582579,37.26427247
CFD-AF-203-077-N.jpg,240.0187493,104.0048076,42.84472438,51.50063104
CFD-AF-204-067-N.jpg,281.0871751,89.0056178,33.3602,37.10429482
CFD-AF-205-155-N.jpg,252.0714185,94.02127419,39.07760296,42.45224232
CFD-AF-206-079-N.jpg,250.049995,96.02083107,38.82721379,45.22386194
CFD-AF-207-023-N.jpg,283.1130516,85.02352616,31.63265221,35.44003286
CFD-AF-208-003-N.jpg,265.4241888,92.00543462,34.50047244,42.41679102
CFD-AF-209-006-N.jpg,278.1150841,102.0784012,37.61584383,42.71570195
CFD-AF-210-050-N.jpg,238.302329,110.1635148,47.38306925,51.94302055
CFD-AF-211-066-N.jpg,246.5197761,81.15417426,34.49967048,38.3239269
CFD-AF-212-097-N.jpg,250.031998,97,39.44824262,44.50452998
CFD-AF-213-126-N.jpg,234,104,43.401999,52.79257589
CFD-AF-214-139-N.jpg,232.1745033,96.04686356,41.77711767,48.03561352
CFD-AF-215-70-N.jpg,237.1349827,103.0048543,43.91560606,50.37476124
CFD-AF-216-106-N.jpg,237.4742091,111.0045044,45.43757356,55.52688512
CFD-AF-217-155-N.jpg,273.1483114,95.0210503,36.99303507,39.81235764
CFD-AF-218-157-N.jpg,272.0294102,107.01869,40.10995442,45.72593107
CFD-AF-219-106-N.jpg,252.051582,103.1746093,41.49061249,47.15668702
CFD-AF-220-107-N.jpg,256.0488235,98,38.67212216,45.38483351
CFD-AF-221-147-N.jpg,263.1539473,92,35.64004267,41.88907956
CFD-AF-222-134-N.jpg,274.0894015,90.00555538,34.08948314,38.58208749
CFD-AF-223-183-N.jpg,261,110,42.87996371,48.86592482
CFD-AF-224-026-N.jpg,258.0484451,101.0198,39.92907871,45.075532
CFD-AF-225-141-N.jpg,255.0490149,95.0210503,38.7707398,43.19080024
CFD-AF-226-251-N.jpg,262.0305326,97.04638066,38.56008837,42.81538921
CFD-AF-227-207-N.jpg,259.0694887,121.0165278,47.32755417,52.98403551
CFD-AF-228-173-N.jpg,249.2007223,108.0740487,44.11520862,49.47413301
CFD-AF-229-160-N.jpg,285.3436525,112.1605991,40.25813939,44.92578025
CFD-AF-230-193-N.jpg,247.008097,88.05112151,37.54357432,41.06402235
CFD-AF-231-357-N.jpg,249.1284809,106.0754448,43.71807063,48.53692363
CFD-AF-232-078-N.jpg,289.0155705,102.0049018,35.24427714,43.17968253
CFD-AF-233-190-N.jpg,247.0020243,114.0043859,46.24275602,52.50473245
CFD-AF-234-208-N.jpg,265.0075471,104.0048076,40.04611147,45.90394638
CFD-AF-235-170-N.jpg,271.001845,103.0048543,39.22668082,43.51964249
CFD-AF-236-145-N.jpg,253.0494023,99.00505038,39.34935677,45.73221505
CFD-AF-237-223-N.jpg,250.0719896,88.141931,36.4098064,40.62341792
CFD-AF-238-185-N.jpg,250.049995,107,43.18023548,49.59831461
CFD-AF-239-171-N.jpg,266.0169168,95,36.01378653,40.21570427
CFD-AF-240-206-N.jpg,244.0327847,109.0183471,44.87287929,51.89191055
CFD-AF-241-141-N.jpg,258.156929,101.0445446,38.78429518,47.23124154
CFD-AF-242-158-N.jpg,254.0314941,107.01869,43.52850542,48.03028405
CFD-AF-243-170-N.jpg,270.1499584,116.068945,43.08859145,48.57711315
CFD-AF-244-168-N.jpg,269,99.02019996,36.54451806,41.52040297
CFD-AF-245-143-N.jpg,272.1837615,91.08786966,35.05281257,37.63223253
CFD-AF-246-242-N.jpg,292.027396,96.0832972,33.68166524,37.24615528
CFD-AF-247-278-N.jpg,273.0018315,107.0420478,39.49615228,46.19697225
CFD-AF-248-148-N.jpg,285.0438563,103.0194156,36.00445324,42.70320484
CFD-AF-249-092-N.jpg,252.0019841,103.0436801,41.34535385,48.03436151
CFD-AF-250-200-N.jpg,288.0017361,94,34.21033272,37.88439749
CFD-AF-251-093-N.jpg,268.0466377,105,39.8179986,45.20757649
CFD-AF-252-135-N.jpg,276.1159177,90.00555538,33.92100093,36.90630674
CFD-AF-253-130-N.jpg,247.0728637,102.0441081,40.90497968,47.48955292
CFD-AF-254-167-N.jpg,252.0079364,90.02221948,36.82538677,41.36187144
CFD-AF-255-209-N.jpg,245.0999796,111.0405331,45.57387192,51.55078611
CFD-AF-256-160-N.jpg,251.1613028,87.02298547,36.5212146,39.80692157
CFD-AM-201-076-N.jpg,232.1378901,119.2686044,53.17853495,55.60593064
CFD-AM-202-079-N.jpg,253.1600284,108.0046295,41.95211043,51.26664431
CFD-AM-203-086-N.jpg,248.07257,111.0180166,45.30042456,51.43985172
CFD-AM-204-122-N.jpg,272.0073528,101.0198,39.06317937,42.35407262
CFD-AM-205-153-N.jpg,286.1118662,100.124922,36.86114084,40.01003723
CFD-AM-206-086-N.jpg,273.0293025,103,38.32925795,44.58472442
CFD-AM-207-108-N.jpg,295,102,35.71564835,40.18083916
CFD-AM-208-143-N.jpg,269.3139432,108,39.77115817,48.36646066
CFD-AM-209-048-N.jpg,263.0684322,98.00510191,37.70320304,44.49116986
CFD-AM-210-035-N.jpg,236.0762589,102.019606,43.68547247,49.84212269
CFD-AM-211-052-N.jpg,265.0924367,97.0051545,36.83192086,43.89359268
CFD-AM-212-050-N.jpg,249.2007223,97.08243919,40.36952069,44.60170416
CFD-AM-213-056-N.jpg,253.0316186,92.08691547,38.71179657,41.33705671
CFD-AM-214-168-N.jpg,286.2516375,82,29.6227233,34.61792134
CFD-AM-215-120-N.jpg,265.0924367,90.04998612,35.18210293,39.07690715
CFD-AM-216-114-N.jpg,279.0017921,76.00657866,28.50925095,32.15713598
CFD-AM-217-085-N.jpg,295.5486424,99.24716621,34.75097922,38.89569765
CFD-AM-218-085-N.jpg,276.1159177,113.039816,40.87298191,48.58963957
CFD-AM-219-101-N.jpg,260.6223321,117.0384552,44.59564655,52.55296659
CFD-AM-220-134-N.jpg,282.1134524,103.0048543,36.62739354,44.25114914
CFD-AM-221-184-N.jpg,256.3298656,92.04890005,36.90028407,42.43839667
CFD-AM-223-138-N.jpg,252.2855525,112.0401714,44.25213238,52.11265747
CFD-AM-224-126-N.jpg,245.5218931,88.141931,35.6216649,41.50750843
CFD-AM-225-102-N.jpg,267.0917445,91.00549434,35.16502805,40.4431383
CFD-AM-226-234-N.jpg,251.390135,95.18928511,38.99474908,44.23853793
CFD-AM-227-184-N.jpg,253.1600284,92.04890005,37.98962634,42.1185984
CFD-AM-228-214-N.jpg,258.0484451,108.0046295,41.47501176,49.91789617
CFD-AM-229-224-N.jpg,259.0482581,121.0371844,46.44412553,52.85452906
CFD-AM-230-150-N.jpg,258.1240012,87.02298547,34.51991186,40.45178371
CFD-AM-231-136-N.jpg,296.0608046,102.0049018,35.88566885,40.33351937
CFD-AM-232-251-N.jpg,257.1944789,97.04638066,38.58637025,44.50642348
CFD-AM-233-236-N.jpg,281.1440912,109.0412766,40.09722466,44.1449026
CFD-AM-234-355-N.jpg,277.0649743,89.0056178,33.2951673,37.93569689
CFD-AM-235-241-N.jpg,270.1184925,74.00675645,29.57179305,31.63646196
CFD-AM-236-090-N.jpg,291.0068728,103.0194156,35.68337828,42.91371914
CFD-AM-237-154-N.jpg,246.3980519,100.079968,40.94146915,47.84213788
CFD-AM-238-269-N.jpg,245.0326509,101.0198,42.75830937,47.05534407
CFD-AM-239-147-N.jpg,280.0642783,106.0188662,38.41124709,44.81925682
CFD-AM-240-191-N.jpg,248.5819784,98.08159868,39.48713589,46.88378673
CFD-AM-241-287-N.jpg,273.016483,91.04943712,33.76049003,38.02997636
CFD-AM-242-176-N.jpg,290.2481697,97.12878049,34.77653541,39.05309697
CFD-AM-243-212-N.jpg,279.5800422,103.1212878,38.27647139,42.82309066
CFD-AM-244-222-N.jpg,279.0286724,92.02173656,34.72809546,38.41068778
CFD-AM-245-111-N.jpg,258.3273118,98.04590761,37.25723331,46.69715619
CFD-AM-246-184-N.jpg,267.0018727,99.00505038,38.48816459,42.87693138
CFD-AM-247-165-N.jpg,255.5014677,94.08506789,38.35454944,42.46448511
CFD-AM-248-104-N.jpg,280.4567703,93.1933474,34.69693791,38.94968804
CFD-AM-249-163-N.jpg,265.1527861,86.00581376,33.78151773,38.37175033
CFD-AM-250-149-N.jpg,241.3503677,108.0740487,45.3424914,51.4835465
CFD-AM-251-124-N.jpg,258.069758,111.1125555,44.79308712,47.55248779
CFD-AM-252-114-N.jpg,245.0326509,98.00510191,40.41994412,46.63871101
CFD-AM-253-161-N.jpg,252.051582,112.0714058,42.9808761,53.91849544
CFD-BF-001-025-N.jpg,285.0070175,118.0042372,41.48056691,48.75701554
CFD-BF-002-001-N.jpg,256.0019531,115.0695442,45.31588322,49.35263478
CFD-BF-003-003-N.jpg,280.1785145,106.0188662,38.99931148,43.59658013
CFD-BF-004-014-N.jpg,259.4339993,118.0381294,45.56184217,52.44878205
CFD-BF-005-001-N.jpg,292.0154106,91.00549434,31.48689349,36.66528478
CFD-BF-006-017-N.jpg,285.1420699,92.04890005,33.31137783,38.12489245
CFD-BF-007-001-N.jpg,272.0165436,97.04638066,36.86989765,41.95707257
CFD-BF-008-001-N.jpg,249.008032,89.0056178,35.65639493,42.10894981
CFD-BF-009-002-N.jpg,255,92.02173656,36.90094961,42.12331049
CFD-BF-010-001-N.jpg,292.2892403,119,40.52769391,45.72781794
CFD-BF-013-001-N.jpg,263.0171097,97.12878049,37.39033935,41.88712155
CFD-BF-014-002-N.jpg,268.0167905,94,37.2029164,39.94190058
CFD-BF-015-004-N.jpg,223.0560468,97.02061637,44.47032368,49.45905088
CFD-BF-016-017-N.jpg,265.0679158,115.01739,43.81416036,48.04588605
CFD-BF-021-013-N.jpg,293,120.1499064,39.94312092,49.91927921
CFD-BF-024-002-N.jpg,281.0071173,103.0436801,36.9568411,43.69460099
CFD-BF-025-002-N.jpg,259.0173739,117.1067889,46.30274584,50.97748855
CFD-BF-027-002-N.jpg,269.0297381,87.05170877,35.07145219,36.56616526
CFD-BF-028-001-N.jpg,264.0927867,136.0036764,51.59972595,57.34478704
CFD-BF-030-002-N.jpg,296.0422267,106,35.93145224,41.370642
CFD-BF-031-002-N.jpg,249.002008,138.1303732,52.79629801,62.94940299
CFD-BF-032-038-N.jpg,258.069758,102.019606,40.56799683,46.03331694
CFD-BF-033-016-A.jpg,262.1545346,110.0409015,41.42830421,49.27429853
CFD-BF-034-002-N.jpg,275.3071013,105.0761629,39.74503171,43.99491399
CFD-BF-036-027-N.jpg,240.0083332,105.0047618,44.84371549,48.80194446
CFD-BF-039-031-N.jpg,271.00738,99.08077513,37.70273489,41.83028578
CFD-BF-041-001-N.jpg,266.0469883,95.00526301,36.37293553,41.75506676
CFD-BF-042-026-N.jpg,274.0656856,120.0041666,44.78744315,49.85932293
CFD-BF-043-003-N.jpg,288.0433995,96.04686356,34.58105487,39.02954873
CFD-BF-044-034-N.jpg,261.1225766,90.04998612,36.25413199,40.01444845
CFD-BF-045-003-N.jpg,243.0020576,102.019606,43.4569654,47.15002635
CFD-BF-048-002-N.jpg,249.0983741,100.019998,41.20433726,46.61600306
CFD-BF-049-032-N.jpg,270.0074073,113.0044247,42.54982612,48.36295194
CFD-BF-050-003-N.jpg,264.0473442,88.02272434,33.54941899,40.08620124
CFD-BF-051-035-N.jpg,260.2325883,102.1224755,40.454401,45.46905605
CFD-BF-200-080-N.jpg,274.220714,101.0445446,38.8582243,42.0069613
CFD-BF-201-080-N.jpg,276.0163039,102,37.84763444,42.74647741
CFD-BF-202-109-N.jpg,290.0155168,110.0045454,38.63091412,44.57049285
CFD-BF-203-184-N.jpg,266.5426795,117.0384552,42.90949304,51.64589905
CFD-BF-204-189-N.jpg,297.0605999,128.0039062,42.7583542,48.69631241
CFD-BF-205-141-N.jpg,281.4000711,101.0445446,37.67669499,41.44449126
CFD-BF-206-143-N.jpg,304.0805814,81,27.90107159,31.92467825
CFD-BF-207-004-N.jpg,282.0070921,99.00505038,36.27342018,41.02897463
CFD-BF-208-266-N.jpg,292.027396,127.0157471,43.4648585,49.38333926
CFD-BF-209-172-N.jpg,291.0841803,92.00543462,33.14857723,37.23922929
CFD-BF-210-130-N.jpg,314.0254767,119.0168055,37.32316688,44.55758338
CFD-BF-211-168-N.jpg,284.5698508,120.1041215,42.12381792,50.02891348
CFD-BF-212-315-N.jpg,321.3051509,120.0166655,36.96253555,43.3799128
CFD-BF-213-188-N.jpg,278.179798,98.00510191,36.0694099,41.89986866
CFD-BF-214-308-N.jpg,291.0017182,106.0754448,37.05090037,43.27410314
CFD-BF-215-177-N.jpg,306,146.0034246,47.46361843,54.0726036
CFD-BF-216-132-N.jpg,261.1915006,103.0436801,40.14491574,44.82978131
CFD-BF-217-189-N.jpg,302.0149003,104,35.25059129,40.68930093
CFD-BF-218-207-N.jpg,312.0785158,144.0138882,44.84324359,51.58105809
CFD-BF-219-137-N.jpg,286.3424523,124.036285,43.47887222,50.48745657
CFD-BF-220-161-N.jpg,292.1711827,122.0040983,42.34326777,48.61236379
CFD-BF-221-223-N.jpg,321.263132,117.1067889,36.14841391,43.99567863
CFD-BF-222-240-N.jpg,274.220714,127.0983871,46.3097537,53.48245348
CFD-BF-223-250-N.jpg,279.0161286,116.0043103,41.95023953,47.45335196
CFD-BF-224-002-N.jpg,308.01461,122,40.41241766,45.53988909
CFD-BF-225-192-N.jpg,312.1025473,110.0045454,35.15041704,42.94669493
CFD-BF-226-119-N.jpg,270.5993348,142.0140838,50.07559385,61.43977963
CFD-BF-227-137-N.jpg,280.1446055,105.0428484,37.96152493,44.51547617
CFD-BF-228-212-N.jpg,303.4221482,122.0368797,38.85717329,47.99788154
CFD-BF-229-179-N.jpg,297.1683025,126.1427762,41.79828147,50.03059774
CFD-BF-230-189-N.jpg,303.0264015,136.0147051,43.30748252,53.19009312
CFD-BF-231-202-N.jpg,291.4961406,127.1416533,44.02485888,50.16319789
CFD-BF-232-187-N.jpg,287.1410803,117.0042734,40.98747495,47.99474192
CFD-BF-233-116-N.jpg,286.0279707,120.0041666,42.22522454,47.7928847
CFD-BF-234-167-N.jpg,305.132758,111.1125555,39.06422095,40.95972447
CFD-BF-235-168-N.jpg,283.1130516,106.0188662,38.43894987,44.0411389
CFD-BF-236-177-N.jpg,271.0664125,111.0720487,42.08376892,47.16497751
CFD-BF-237-172-N.jpg,301.0265769,96.00520819,33.04869446,37.71873953
CFD-BF-238-190-N.jpg,312.1602153,120.0166655,39.06482877,45.24101845
CFD-BF-239-180-N.jpg,271.0461215,102,38.63336725,43.65290612
CFD-BF-240-179-N.jpg,276.0163039,106.0188662,39.60126847,43.91354929
CFD-BF-241-222-N.jpg,283,115,41.81339493,46.58173762
CFD-BF-242-154-N.jpg,298,90,31.02457189,36.0494891
CFD-BF-243-164-N.jpg,291.3365751,120.0374941,40.26941019,49.79376565
CFD-BF-244-231-N.jpg,286.5658738,132.0340865,45.63721733,52.78937331
CFD-BF-245-178-N.jpg,283.1130516,113.1105654,41.3239321,45.66359847
CFD-BF-246-170-N.jpg,326,145.0034482,43.70088952,52.83694438
CFD-BF-247-179-N.jpg,271.0664125,111.0720487,43.49123185,45.51155587
CFD-BF-248-149-N.jpg,314.0573196,123.0162591,39.86625232,45.62240336
CFD-BF-249-091-N.jpg,272.1837615,122.0040983,44.36306123,52.49383961
CFD-BF-250-121-N.jpg,322.0062111,134,41.74901052,46.83509654
CFD-BF-251-211-N.jpg,255.5014677,115.0043477,43.84678121,51.23460112
CFD-BF-252-191-N.jpg,255.9472602,117.0683561,44.49306187,54.34713703
CFD-BF-253-202-N.jpg,296.3798239,121.0041322,40.36737703,49.20309687
CFD-BF-254-201-N.jpg,284.4503472,117.0170928,41.84245033,47.56632423
CFD-BF-255-140-N.jpg,294.1088234,111.1125555,38.89747741,43.63880476
CFD-BM-001-014-N.jpg,294.1377228,126.015872,43.71942581,49.36157265
CFD-BM-002-013-N.jpg,326.0015337,127.0157471,38.60688872,46.39524825
CFD-BM-005-003-N.jpg,276.0163039,122,45.32510877,50.27269206
CFD-BM-009-002-N.jpg,265.0924367,111.0405331,43.65305459,47.2416003
CFD-BM-011-016-N.jpg,290.0431002,99.00505038,35.80343272,39.22281608
CFD-BM-012-018-N.jpg,292.027396,94,33.01725829,38.31101467
CFD-BM-013-002-N.jpg,294.0153057,125.0359948,41.18836131,48.6637634
CFD-BM-015-015-N.jpg,275.0072726,121.0165278,45.11793283,49.67571235
CFD-BM-018-001-N.jpg,271.00738,96.02083107,37.16025914,40.59347305
CFD-BM-019-002-N.jpg,295,122,42.19989051,47.33091973
CFD-BM-020-001-N.jpg,310.1612484,99.12618221,34.44084521,35.78311619
CFD-BM-021-021-N.jpg,305.0262284,119.0042016,38.92106042,44.90407317
CFD-BM-022-022-N.jpg,297.2036339,108.0185169,36.82590435,43.19301774
CFD-BM-023-029-N.jpg,279.0877998,117,42.05651101,49.1182226
CFD-BM-024-001-N.jpg,283.0282671,123.004065,43.36091552,50.89180488
CFD-BM-025-045-A.jpg,302.0413879,95.00526301,33.13724475,36.75247287
CFD-BM-026-002-N.jpg,292.3354238,132.0340865,45.35255934,51.41869842
CFD-BM-027-001-N.jpg,262.0477056,101.0445446,36.86536314,46.38273307
CFD-BM-028-002-N.jpg,286.0157338,119,43.47715801,46.40450003
CFD-BM-029-024-N.jpg,292.0428051,109.0045871,38.94101228,42.38707101
CFD-BM-030-003-N.jpg,276.1467001,114.0043859,40.80508868,48.48506955
CFD-BM-031-003-N.jpg,313.0399336,108.2266141,36.66994025,38.61680854
CFD-BM-032-024-N.jpg,300.0816556,115.0695442,39.85378501,43.79902806
CFD-BM-033-003-N.jpg,322.0062111,109.0045871,34.7615449,39.07594316
CFD-BM-036-003-N.jpg,313.0575027,128.015624,40.47262345,46.79643409
CFD-BM-037-033-N.jpg,300.0066666,122.0368797,41.84033534,46.89292942
CFD-BM-038-001-N.jpg,277.259806,124.1007655,46.34715488,49.65963419
CFD-BM-039-029-N.jpg,306.0261427,130.0615239,42.65987276,49.6497472
CFD-BM-040-002-N.jpg,271.00738,162.0030864,56.68975672,63.83935092
CFD-BM-041-035-N.jpg,284.0633732,122.0163923,43.72213805,49.50365974
CFD-BM-043-071-N.jpg,294.1377228,121.0371844,42.11930417,46.23780797
CFD-BM-045-004-N.jpg,303.1336339,126.0634761,43.46622102,46.84157496
CFD-BM-046-006-N.jpg,278.0017986,109,40.5173849,44.99598769
CFD-BM-200-046-N.jpg,319.1002977,132.0340865,40.76724165,48.27629173
CFD-BM-201-077-N.jpg,286.1118662,132,46.12341464,53.40250412
CFD-BM-202-063-N.jpg,279.2579453,118.0381294,43.70707998,48.0097507
CFD-BM-203-001-N.jpg,276.4073082,138.0036231,47.30802494,59.95768633
CFD-BM-204-003-N.jpg,256.2362191,125.015999,47.77745116,56.98425267
CFD-BM-205-001-N.jpg,352.0511326,142.0563269,39.77297964,47.79270237
CFD-BM-206-114-N.jpg,277.2183255,105.1712889,39.82834205,42.55640589
CFD-BM-207-024-N.jpg,287.210724,111.0180166,39.16147664,45.65643983
CFD-BM-208-065-N.jpg,274.1167634,112.0714058,41.40857604,46.14758391
CFD-BM-209-088-N.jpg,279.4584048,91.08786966,34.59534924,37.34773676
CFD-BM-210-148-N.jpg,324.1249759,116.1077086,36.86538368,40.7811473
CFD-BM-211-174-N.jpg,283.0017668,112,41.17252956,45.31283688
CFD-BM-212-117-N.jpg,282.0443228,106.0424443,37.18817619,44.18154454
CFD-BM-213-134-N.jpg,293.0068259,108.0185169,37.04175416,43.76449222
CFD-BM-214-075-N.jpg,294.1377228,116.0387866,39.57107122,45.60569573
CFD-BM-215-155-N.jpg,296.0016892,124.0040322,40.69594716,49.26104629
CFD-BM-216-088-N.jpg,282.3986544,101.0049504,34.76007147,45.10293204
CFD-BM-217-082-N.jpg,292.1095685,103.0194156,36.26519635,40.75345476
CFD-BM-218-132-N.jpg,300.2015989,106,36.43758119,41.60394895
CFD-BM-219-141-N.jpg,240.0749883,105.0761629,45.23055652,49.38140875
CFD-BM-221-198-N.jpg,279.0071684,110.0045454,40.12841105,45.58856506
CFD-BM-222-173-N.jpg,295.1694429,101.0049504,34.72742642,41.25915364
CFD-BM-223-171-N.jpg,292.027396,108.0046295,38.76355158,42.59116751
CFD-BM-224-073-N.jpg,288.0017361,111.0045044,39.25189599,44.8708732
CFD-BM-225-154-N.jpg,321.0140184,118.0677771,36.68588216,44.71740696
CFD-BM-226-276-N.jpg,289.1107054,150.0033333,50.80528451,57.68484301
CFD-BM-227-191-N.jpg,312.0144227,123.004065,40.488086,43.8490861
CFD-BM-228-145-N.jpg,295.2050135,92.08691547,30.98492232,38.5463982
CFD-BM-229-209-N.jpg,306.320094,125.0039999,40.22353116,47.72497613
CFD-BM-230-232-N.jpg,268.1865023,112,42.29895355,48.15328359
CFD-BM-231-155-N.jpg,309.3169895,132.0340865,43.41792789,48.80169597
CFD-BM-232-213-N.jpg,296.0422267,115.01739,38.64469837,46.99660876
CFD-BM-233-285-N.jpg,320.0999844,116.1077086,37.86739305,41.66614934
CFD-BM-234-172-N.jpg,305.1982962,93.00537619,32.12579749,35.76853866
CFD-BM-235-226-N.jpg,275.5249535,108.0416586,40.19687122,45.72293677
CFD-BM-236-248-N.jpg,316.0253154,119.0168055,39.1146986,43.33980838
CFD-BM-237-188-N.jpg,300.0816556,138.0036231,45.47342392,53.70317432
CFD-BM-238-242-N.jpg,280.1446055,129.0038759,45.2672291,54.3673377
CFD-BM-239-136-N.jpg,282.1435805,128.0039062,44.07685688,53.59544149
CFD-BM-240-207-N.jpg,295.0271174,113,38.07824405,45.86557067
CFD-BM-241-235-N.jpg,296.0608046,113.039816,38.3375074,45.81735406
CFD-BM-242-233-N.jpg,274.182421,122,43.35618826,52.61323247
CFD-BM-243-218-N.jpg,308.0064934,103.0776406,35.10229945,38.3021222
CFD-BM-244-197-N.jpg,285.0631509,115,40.65845322,46.54235624
CFD-BM-245-164-N.jpg,300.2815346,109.0183471,38.0656511,41.81958986
CFD-BM-246-192-N.jpg,315.0777682,118.0381294,38.14388173,44.39459801
CFD-BM-247-240-N.jpg,295.0830392,104,35.57076718,41.6063339
CFD-BM-248-128-N.jpg,258.3273118,120.1041215,47.13629308,52.5349941
CFD-BM-249-235-N.jpg,298.0419434,118.0169479,39.17516702,46.45629601
CFD-BM-250-170-N.jpg,319,134.0335779,41.04335271,50.67673725
CFD-BM-251-013-N.jpg,306.1323243,109.0045871,35.37206894,41.7823784
CFD-BM-252-161-N.jpg,297.0016835,115.0391238,38.78639119,45.8728207
CFD-BM-253-004-N.jpg,260.0480725,129.0155029,47.69800641,57.5588816
CFD-IF-601-519-N.jpg,308.0016234,81.0246876,26.6336428,31.65915329
CFD-IF-602-134-N.jpg,272.0165436,111.0180166,41.30966831,47.59197323
CFD-IF-605-066-N.jpg,272.0073528,105.0190459,40.31489843,44.28143814
CFD-IF-608-390-N.jpg,246.018292,91.13725912,39.28500593,42.04213472
CFD-IF-609-408-N.jpg,288.0017361,86.02325267,29.68181497,37.52139779
CFD-IF-610-766-N.jpg,257.0311265,88.02272434,36.56637761,38.98330315
CFD-IF-612-149-N.jpg,275.2199121,88,32.6508023,38.20100911
CFD-IF-614-107-N.jpg,285.3944639,110.0045454,36.96701873,48.62531319
CFD-IF-618-212-N.jpg,266.4225966,92.04890005,35.69739429,40.84601714
CFD-IF-619-197-N.jpg,293.0068259,83.02409289,30.63892498,32.49879257
CFD-IF-620-218-N.jpg,287.1410803,90.02221948,31.77520772,38.3657825
CFD-IF-622-096-N.jpg,268.2256513,82,31.54441229,36.79640143
CFD-IF-623-129-N.jpg,291.0017182,82,30.76546787,32.19770616
CFD-IF-625-225-N.jpg,284,76.00657866,27.62783684,32.70612639
CFD-IF-626-375-N.jpg,292.0616373,99.00505038,33.64468755,40.88766309
CFD-IF-629-234-N.jpg,290.0844705,89.02246907,31.3260931,36.85764536
CFD-IF-631-363-N.jpg,302.0413879,98.02040604,33.25233148,38.85020732
CFD-IF-633-012-N.jpg,273.016483,95.00526301,35.86414354,41.10981365
CFD-IF-634-382-N.jpg,326.0015337,80.00624976,26.02361233,28.75138371
CFD-IF-636-011-N.jpg,324,103.0436801,33.42618184,37.2536292
CFD-IF-641-504-N.jpg,290.2085457,100.2447006,36.80160712,39.47541363
CFD-IF-642-295-N.jpg,289.1107054,105.0047618,36.85825799,43.45729707
CFD-IF-644-306-1-N.jpg,299.0819286,123.004065,40.75957318,49.42055729
CFD-IF-644-306-2-N.jpg,302.0413879,119.0042016,39.1123292,47.6334016
CFD-IF-649-016-N.jpg,278.2588723,97.08243919,36.50209302,40.64105576
CFD-IF-650-315-N.jpg,321.1557255,110,34.84670513,41.27004687
CFD-IF-660-464-N.jpg,283.0441662,88.02272434,31.87227491,37.38885584
CFD-IF-665-015-N.jpg,300.0149996,110,39.31262547,40.87443143
CFD-IF-668-009-N.jpg,304.0263147,93.04837452,32.81634341,35.13126786
CFD-IF-672-305-N.jpg,288.0156246,102,36.40531257,41.86715854
CFD-IF-673-389-N.jpg,320.1265375,123.0365799,37.61589838,47.07387137
CFD-IF-676-017-N.jpg,278.179798,98.12746812,37.58729435,39.99753283
CFD-IF-677-452-1-N.jpg,304,107.0046728,37.71321614,39.85083147
CFD-IF-677-452-2-N.jpg,301.0016611,104.019229,37.08082665,39.2072035
CFD-IF-691-007-N.jpg,276.1159177,94.02127419,32.9315949,43.6157232
CFD-IF-693-172-N.jpg,311.0401903,101.0198,33.90784037,38.04991536
CFD-IF-704-125-N.jpg,308,97.0051545,33.23429642,36.85625916
CFD-IF-705-196-N.jpg,302.0149003,90.04998612,30.57660595,36.24736214
CFD-IF-710-016-N.jpg,300.059994,93.04837452,31.92034599,37.30897871
CFD-IF-713-170-N.jpg,266.1522121,92.02173656,35.16478055,41.31764304
CFD-IF-714-008-1-N.jpg,327.0382241,94.33981132,32.59286166,31.54240204
CFD-IF-714-008-2-N.jpg,329.0379917,91.35097153,31.06516489,30.7684445
CFD-IF-718-001-N.jpg,311.0578724,97.04638066,33.61996853,35.69369531
CFD-IF-722-456-N.jpg,282.1772493,111,38.25303284,48.54975765
CFD-IF-723-255-N.jpg,279.0017921,76.02631123,29.33387128,31.65271744
CFD-IF-729-393-N.jpg,264.0303013,97.18538985,39.5538814,41.24889876
CFD-IF-730-410-N.jpg,281,96.02083107,36.41421545,38.72058271
CFD-IF-732-260-N.jpg,269.1505155,95.08417324,36.51298133,41.52154213
CFD-IF-733-110-N.jpg,261.1225766,90.02221948,35.37345303,41.11572104
CFD-IF-734-108-N.jpg,283,112,40.79852546,45.47116859
CFD-IF-735-353-N.jpg,274.0018248,98.00510191,37.42504312,40.81417826
CFD-IF-737-104-N.jpg,304.0016447,97.0051545,33.71855645,36.95547754
CFD-IF-741-040-N.jpg,280.2159881,97.0051545,34.83454627,42.12197944
CFD-IF-742-103-N.jpg,300.0149996,93.00537619,32.50429872,36.56673437
CFD-IF-744-114-N.jpg,288.2932535,97.02061637,34.54312168,40.19132458
CFD-IM-603-305-N.jpg,295.2439669,84.21401309,31.72667053,31.91938002
CFD-IM-604-014-N.jpg,278.179798,94.04786016,35.02100958,39.46380228
CFD-IM-607-018-N.jpg,266.1202736,86.02325267,33.50873871,37.68835311
CFD-IM-611-306-N.jpg,283.0865592,81.09870529,30.31642578,32.99619297
CFD-IM-613-169-N.jpg,252.0495983,107.0046728,45.20702425,46.78712005
CFD-IM-615-167-N.jpg,294.3331446,87.09190548,30.79208813,35.45754935
CFD-IM-616-214-N.jpg,280.0642783,84.00595217,31.77072128,35.15305099
CFD-IM-621-136-N.jpg,268.3654225,67.0298441,27.97632291,27.85232062
CFD-IM-627-178-N.jpg,269.1505155,81,31.00484472,36.22752661
CFD-IM-628-176-N.jpg,281.2152201,85,31.81452017,35.62065497
CFD-IM-630-134-N.jpg,299.2022727,78.02563681,26.93076787,31.40256788
CFD-IM-632-097-N.jpg,286.1415734,82.00609733,30.67345713,33.35696989
CFD-IM-635-010-N.jpg,320.1265375,92.04890005,30.18738562,34.21477279
CFD-IM-637-007-N.jpg,338.0946613,73.10950691,23.54467767,25.22866346
CFD-IM-638-250-1-N.jpg,268.3151133,84.14867795,33.61190144,35.93528913
CFD-IM-638-250-2-N.jpg,262.3223208,87.09190548,36.04336439,37.27127015
CFD-IM-639-263-N.jpg,300.326489,96,33.38041285,37.68936576
CFD-IM-640-009-N.jpg,339.0368712,103.0048543,31.19298984,36.85176416
CFD-IM-645-001-N.jpg,288.1110897,69,25.39400046,28.45119534
CFD-IM-646-023-N.jpg,316.227766,120.0041666,38.35671274,45.23037046
CFD-IM-647-548-N.jpg,300.1066477,97.08243919,32.94123808,39.13249393
CFD-IM-648-337-N.jpg,288.1110897,88.20430828,32.9155626,35.15046564
CFD-IM-651-308-N.jpg,330.0060606,84.02380615,27.45061316,29.24229963
CFD-IM-652-191-N.jpg,332.0240955,105.1712889,31.06930731,39.99358471
CFD-IM-653-008-N.jpg,293.0836058,84,29.97901906,34.04880898
CFD-IM-654-417-N.jpg,333.1501163,102.0441081,32.48521715,35.64963321
CFD-IM-655-234-N.jpg,309.0404504,84.09518417,30.21841211,30.44377859
CFD-IM-656-273-N.jpg,290.0068965,96.00520819,34.79720834,38.27218732
CFD-IM-657-308-N.jpg,295.1084546,105.0047618,37.27809845,41.00740416
CFD-IM-658-284-N.jpg,307.3190525,91,29.44325519,35.82368277
CFD-IM-659-359-N.jpg,294.2057103,92.02173656,31.97730823,37.51851626
CFD-IM-661-254-N.jpg,301.0415254,94.02127419,32.9365233,36.63126903
CFD-IM-662-171-N.jpg,311.2715856,81,26.52409159,31.71283093
CFD-IM-663-230-N.jpg,289,80.09993758,28.3909761,33.69513414
CFD-IM-664-651-N.jpg,306.3674265,81,27.89537111,31.1665897
CFD-IM-666-372-N.jpg,300.059994,86.092973,28.42190986,36.36444127
CFD-IM-667-369-N.jpg,268.0671558,64.12487817,25.9533757,27.5323347
CFD-IM-669-111-N.jpg,274.0894015,89,33.91229158,37.14467979
CFD-IM-670-215-N.jpg,276.5230551,74.02702209,27.68892094,32.60855551
CFD-IM-671-601-N.jpg,284.0440107,82.0548597,31.45916367,32.95909207
CFD-IM-674-281-N.jpg,287.0435507,92.04890005,32.56912533,39.00445745
CFD-IM-675-015-N.jpg,280.0446393,96.02083107,34.36450111,41.59502436
CFD-IM-678-482-N.jpg,302.0016556,76.02631123,27.52310224,28.65831118
CFD-IM-679-069-N.jpg,308.1622949,104.0432602,35.89994012,38.72571692
CFD-IM-680-369-N.jpg,284.3958509,72.02777242,26.8520867,29.8205692
CFD-IM-681-253-N.jpg,310,75.02666193,25.61286434,28.9920834
CFD-IM-682-019-N.jpg,293.2882541,101.0198,34.23581962,41.77149705
CFD-IM-683-231-N.jpg,265.2282036,75.00666637,29.05859225,34.54516492
CFD-IM-684-008-N.jpg,317.0567772,103.0776406,36.67369317,35.20539982
CFD-IM-685-004-N.jpg,291.2078296,81.0246876,31.00224451,31.18531549
CFD-IM-686-097-N.jpg,304.0016447,87,30.40719016,33.18467362
CFD-IM-687-511-N.jpg,301.5377257,88.27797007,31.97629294,33.27406764
CFD-IM-688-322-N.jpg,291.3863415,108.0740487,37.36420637,43.58307883
CFD-IM-689-263-N.jpg,292.0428051,87,30.07773383,36.19478508
CFD-IM-690-282-N.jpg,312.3139446,88.09086218,30.05230037,33.06881234
CFD-IM-692-011-N.jpg,296.2853354,76.02631123,26.21758662,31.71898581
CFD-IM-694-297-N.jpg,287.0627109,84.02380615,30.82756666,34.3882611
CFD-IM-695-001-N.jpg,282.0283674,100.019998,36.24987824,41.75319976
CFD-IM-696-001-N.jpg,279.0071684,97.02061637,35.59480534,41.357953
CFD-IM-697-015-N.jpg,267.0018727,110,42.01620742,47.78155599
CFD-IM-698-011-N.jpg,262.0934948,114,42.91992146,51.81849803
CFD-IM-699-002-N.jpg,293.061427,82.09750301,29.01973751,33.64860144
CFD-IM-700-009-N.jpg,307.0146576,96.00520819,32.38862061,36.43577227
CFD-IM-701-312-N.jpg,269.1189328,94.02127419,35.76762388,40.98482981
CFD-IM-702-101-N.jpg,268.1510768,83.00602388,31.31779219,36.30732604
CFD-IM-703-182-N.jpg,295.1372562,93,33.19591283,36.87787719
CFD-IM-706-002-N.jpg,309,101,33.9376157,38.51269593
CFD-IM-707-105-N.jpg,278.0071942,75,28.37085918,32.13127721
CFD-IM-708-362-N.jpg,335.0134326,90.00555538,27.04021261,31.74272977
CFD-IM-709-103-N.jpg,313.2299475,91.13725912,31.65807173,33.25173195
CFD-IM-711-011-N.jpg,304.0805814,100.1798383,35.50041137,37.25502619
CFD-IM-712-005-N.jpg,293.061427,91.02197537,32.9129245,36.20058487
CFD-IM-715-013-N.jpg,321.0249212,106.0424443,33.70576956,39.64106294
CFD-IM-716-316-N.jpg,267.0299609,99.00505038,38.1823414,43.05380488
CFD-IM-717-110-N.jpg,273.0457837,97.0051545,37.27855891,41.04614183
CFD-IM-719-221-N.jpg,310.2321711,115.1564154,38.78682046,42.4434198
CFD-IM-720-014-N.jpg,314.0573196,136,43.52748714,50.21515446
CFD-IM-721-341-N.jpg,311.1028769,93.1933474,29.93151184,36.70720302
CFD-IM-724-010-N.jpg,298.1358751,81.05553652,28.78867543,32.1497019
CFD-IM-725-142-N.jpg,262.1545346,94.04786016,36.99561358,42.28185157
CFD-IM-726-248-N.jpg,313,79.0569415,26.07268095,30.83461525
CFD-IM-727-195-N.jpg,311.1607302,100.124922,34.41187119,36.94704137
CFD-IM-728-041-N.jpg,296.1080884,94.005319,32.8348329,37.88267384
CFD-IM-731-223-N.jpg,293.015358,108.0416586,36.76096524,44.78498463
CFD-IM-736-361-N.jpg,261.1915006,85,33.07574137,39.13163194
CFD-IM-738-191-N.jpg,339.3773711,101.0445446,29.482994,37.80473282
CFD-IM-739-012-N.jpg,286.043703,97,35.81897056,39.12895812
CFD-IM-740-273-N.jpg,278.0647407,96.02083107,35.28773188,40.61639771
CFD-IM-743-006-N.jpg,278.0881155,106.0047169,38.79160002,45.08069225
CFD-LF-200-058-N.jpg,268.0671558,107.0747403,42.23079637,44.48764544
CFD-LF-201-035-N.jpg,278.0449604,110.1135777,40.40446992,46.34437387
CFD-LF-202-065-N.jpg,284.0158446,94.005319,35.08172663,38.25749046
CFD-LF-203-066-N.jpg,274.1167634,94.04786016,35.30593059,40.56029819
CFD-LF-204-133-N.jpg,268.0466377,95.08417324,37.00075171,41.32010707
CFD-LF-205-100-N.jpg,272,80.09993758,30.5780321,34.42239807
CFD-LF-206-078-N.jpg,258.5594709,108.0740487,42.16959093,48.44283648
CFD-LF-207-198-N.jpg,276.0887538,90.02221948,32.86748507,38.10527835
CFD-LF-208-127-N.jpg,259.0019305,84.02380615,33.9602101,36.93579271
CFD-LF-209-072-N.jpg,282.2144575,83,30.33763652,35.28756421
CFD-LF-210-220-N.jpg,270.029628,96.02083107,35.78644206,42.77181695
CFD-LF-211-003-N.jpg,257.1944789,117.0170928,46.60907179,51.23998937
CFD-LF-212-066-N.jpg,269.1189328,97.0051545,36.78147081,42.87992575
CFD-LF-213-079-N.jpg,271.1180555,89.08984229,34.28945809,37.81320491
CFD-LF-214-090-N.jpg,269.3640659,94.1328848,36.53150562,40.62533393
CFD-LF-215-157-N.jpg,258.1240012,97,37.64946001,45.37414191
CFD-LF-216-121-N.jpg,252.1606631,87.05170877,35.39515695,40.86885352
CFD-LF-217-082-N.jpg,277.0288794,93,34.70504664,39.1824081
CFD-LF-218-072-N.jpg,267.3667893,100.1798383,39.3399266,42.85909863
CFD-LF-219-223-N.jpg,255.0705785,109.0412766,44.63015187,47.94288863
CFD-LF-220-120-N.jpg,263.0684322,89.02246907,35.62716767,38.63235747
CFD-LF-221-002-N.jpg,275.1472333,100.019998,36.16065694,44.49222892
CFD-LF-222-147-N.jpg,247.4550464,111.1125555,44.54185469,52.82498849
CFD-LF-223-064-N.jpg,263.4862425,88.09086218,34.43801172,39.58171627
CFD-LF-224-176-N.jpg,245.0510151,83.00602388,36.0543091,38.89885129
CFD-LF-225-164-N.jpg,255.2371446,98.00510191,39.49410634,44.66190346
CFD-LF-226-174-N.jpg,269.417891,108.0185169,41.37339167,46.133552
CFD-LF-227-054-N.jpg,269.0074348,81,30.53893155,36.82154797
CFD-LF-228-125-N.jpg,252.3350947,90.00555538,35.9553796,43.14574829
CFD-LF-229-164-N.jpg,282.0638226,97,35.6049226,40.49426753
CFD-LF-230-203-N.jpg,267.0074905,105.0190459,39.82815145,45.48708431
CFD-LF-231-260-N.jpg,268.1865023,102.0049018,37.90882038,45.95651484
CFD-LF-232-199-N.jpg,262.2746652,90.08884504,35.40403694,39.68410121
CFD-LF-233-277-N.jpg,275.116339,87.05170877,33.23751343,36.94301004
CFD-LF-234-139-N.jpg,235.2126697,105.0761629,44.90987188,51.56426676
CFD-LF-235-219-N.jpg,262.0076335,87.00574694,34.54710275,38.99337436
CFD-LF-236-221-N.jpg,263.0475242,72.0624729,29.53161105,31.74878284
CFD-LF-237-190-N.jpg,262.0076335,94.005319,37.18906145,41.96891519
CFD-LF-238-154-N.jpg,265.2282036,92.19544457,36.86989765,39.86024262
CFD-LF-239-148-N.jpg,277.0451227,80.00624976,29.46919395,35.02363713
CFD-LF-240-199-N.jpg,260.3247971,94.1328848,38.46903792,41.09234978
CFD-LF-241-188-N.jpg,260.0019231,109.0045871,42.4697835,48.37457736
CFD-LF-242-121-N.jpg,253.1600284,82.0548597,35.40303318,36.43665869
CFD-LF-243-175-N.jpg,257.0953131,89.08984229,36.9773507,39.48595391
CFD-LF-244-096-N.jpg,263.2736219,94.005319,36.24331123,42.84261749
CFD-LF-245-166-N.jpg,279.2167617,112,39.59414752,47.6010949
CFD-LF-246-129-N.jpg,267.0299609,99.00505038,36.40302348,41.50132452
CFD-LF-247-051-N.jpg,276.2607464,89.0056178,32.33493623,39.67425938
CFD-LF-248-160-N.jpg,271.1494053,79,29.8356013,35.59512915
CFD-LF-249-132-N.jpg,291.1099449,95.00526301,32.79436074,38.5911436
CFD-LF-250-169-N.jpg,260.3247971,105.0428484,41.48850896,46.68678701
CFD-LF-251-057-N.jpg,278.2588723,106.1696755,39.05313695,42.79890672
CFD-LF-252-172-N.jpg,288.9169431,119.3398508,42.66088257,47.31786709
CFD-LF-253-003-N.jpg,272.1837615,105.0047618,39.50157708,45.07127143
CFD-LF-254-125-N.jpg,262.0019084,89,35.33279734,39.49740162
CFD-LF-255-088-N.jpg,277.0884335,91.02197537,33.6235864,39.02348731
CFD-LM-200-045-N.jpg,278.2588723,71.06335202,27.2213651,30.01013764
CFD-LM-201-057-N.jpg,285.0070175,100.0049999,35.70460607,41.51644245
CFD-LM-202-072-N.jpg,270.3627193,113.1105654,44.48154147,46.20500064
CFD-LM-203-026-N.jpg,289.1729586,81.0246876,29.46152003,33.24642845
CFD-LM-204-001-N.jpg,278.2175408,86.02325267,31.52634893,37.61349544
CFD-LM-206-204-N.jpg,268.4771871,96.04686356,36.68813512,42.4262789
CFD-LM-207-004-N.jpg,266.4225966,108.1156788,42.6245829,45.73850145
CFD-LM-208-110-N.jpg,260.0076922,97.08243919,39.06351028,42.59135933
CFD-LM-209-111-N.jpg,306.022875,131.0953851,40.73557673,53.10306329
CFD-LM-210-156-N.jpg,289.1729586,95.13148795,35.9311885,36.89528346
CFD-LM-211-128-N.jpg,304.0411156,90.02221948,29.99242642,36.47644398
CFD-LM-212-143-N.jpg,260.3766503,101.0198,39.36941833,45.8895845
CFD-LM-213-061-N.jpg,304.1644292,81,27.73199279,32.00822194
CFD-LM-214-165-N.jpg,262,73.02739212,31.364759,30.9176542
CFD-LM-215-247-N.jpg,273.117191,86.092973,33.26562047,36.89033698
CFD-LM-216-082-N.jpg,248.2901528,96.02083107,38.84534342,46.33146027
CFD-LM-217-162-N.jpg,291.1099449,98.02040604,33.46630201,41.64868827
CFD-LM-218-183-N.jpg,264.3709515,80.09993758,32.12424433,35.43839712
CFD-LM-219-295-N.jpg,307.0146576,94.04786016,31.42415039,36.77670169
CFD-LM-220-329-N.jpg,287.0017422,88,32.18994081,35.93747128
CFD-LM-221-216-N.jpg,289.1729586,83.15046602,30.91806613,32.93070249
CFD-LM-222-239-N.jpg,279.1146718,69.02897942,26.18730193,28.78397551
CFD-LM-223-175-N.jpg,292.027396,84.05355436,29.81038049,34.69296342
CFD-LM-224-162-N.jpg,298,95,33.51066035,37.02909082
CFD-LM-225-130-N.jpg,294.0153057,81.0246876,28.36363736,32.55519101
CFD-LM-226-175-N.jpg,265.271559,101.2422837,40.91990507,42.57163516
CFD-LM-227-103-N.jpg,269.267525,90.02221948,33.82819178,40.58943707
CFD-LM-228-188-N.jpg,279,91.00549434,34.72462177,37.64058441
CFD-LM-229-187-N.jpg,281.3485383,94.005319,34.09928509,40.17814296
CFD-LM-230-202-N.jpg,284.0862545,114.0175425,41.36362538,46.36852805
CFD-LM-231-214-N.jpg,273.0659261,94.1328848,36.64058177,39.21594551
CFD-LM-232-204-N.jpg,262.017175,97.0051545,37.28614451,43.57560008
CFD-LM-233-171-N.jpg,266.2705391,114.0175425,40.94774378,51.43854144
CFD-LM-234-176-N.jpg,290.6217473,98.00510191,34.74445029,39.40969884
CFD-LM-235-231-N.jpg,256.1581543,93.00537619,37.84245994,42.18364857
CFD-LM-236-163-N.jpg,278.4043821,86,31.10788498,38.17643796
CFD-LM-237-264-N.jpg,281.0160138,88.00568163,32.39068256,37.53013022
CFD-LM-238-129-N.jpg,262.429038,116.0387866,44.58095589,51.12445498
CFD-LM-239-075-N.jpg,277.1154994,98,35.47980407,42.73271155
CFD-LM-240-013-N.jpg,296.3308961,79.15806971,28.85108176,30.364271
CFD-LM-241-125-N.jpg,279.1791539,99.12618221,36.30400927,41.78508368
CFD-LM-242-002-N.jpg,283.1430734,93.02150289,32.93413908,39.32560782
CFD-LM-243-075-N.jpg,266.3681663,83.02409289,32.69145369,36.72864201
CFD-LM-244-068-N.jpg,263.6152499,95.13148795,37.84135279,41.70044373
CFD-LM-246-087-N.jpg,274.3574311,99.02019996,35.5966645,42.39981819
CFD-LM-247-095-N.jpg,282.1435805,96.04686356,35.32049979,39.83747999
CFD-LM-248-089-N.jpg,273.1830888,87.09190548,33.4162588,37.51486511
CFD-LM-249-001-N.jpg,281.0871751,85.0940656,31.85612653,35.14719633
CFD-LM-250-077-N.jpg,285.1122586,90.13878189,33.87919711,36.1538804
CFD-LM-251-073-N.jpg,273.0293025,91.00549434,34.71151196,39.27796812
CFD-LM-252-076-N.jpg,266.3174797,111.0720487,42.45788216,48.21637079
CFD-LM-253-075-N.jpg,272.2223356,98.00510191,36.48379756,43.23930089
CFD-MF-300-002-N.jpg,256.1581543,80.15609771,31.88824914,37.78157966
CFD-MF-301-024-N.jpg,258.001938,85.0529247,33.79275909,37.23357053
CFD-MF-302-027-N.jpg,251.007968,93.02150289,37.13761773,43.83872244
CFD-MF-303-013-N.jpg,220.1113355,101.0445446,46.16495377,52.77308519
CFD-MF-304-018-N.jpg,271.0903908,114.0394669,41.88905432,48.65898201
CFD-MF-305-014-N.jpg,243.0082303,104,43.17456302,49.52370587
CFD-MF-306-003-N.jpg,275.116339,94.1328848,36.84356687,37.74945289
CFD-MF-307-002-N.jpg,260.0692216,105.0047618,41.79454505,46.31369466
CFD-MF-308-001-N.jpg,246.018292,97.04638066,41.2315985,44.71062984
CFD-MF-309-002-N.jpg,260.0942137,106.0047169,40.25480466,48.88612074
CFD-MF-310-027-N.jpg,261.2316979,109.0045871,42.29351301,47.88237245
CFD-MF-311-001-N.jpg,278.1456453,112.0178557,39.94543788,48.32788402
CFD-MF-312-002-N.jpg,259.0945773,78.00640999,30.40841006,37.10030839
CFD-MF-313-002-N.jpg,269.5366394,99.04544412,36.29467116,42.08396858
CFD-MF-314-001-N.jpg,262.1907702,117.0042734,44.92224408,51.62762552
CFD-MF-315-002-N.jpg,259.2778432,113.039816,43.47824241,50.76190215
CFD-MF-316-001-N.jpg,240.2519511,101.1236866,43.61169531,47.56871057
CFD-MF-317-002-N.jpg,281.2152201,95.00526301,34.34542129,39.46705204
CFD-MF-318-022-N.jpg,268.2685222,95.00526301,35.60489523,41.21539467
CFD-MF-319-016-N.jpg,259.1563235,90.00555538,35.48629201,41.22650997
CFD-MF-320-002-N.jpg,252.0178565,84.02380615,33.89708328,38.50630957
CFD-MF-321-003-N.jpg,265.1886121,101.0049504,38.2825799,45.62090573
CFD-MF-322-020-N.jpg,263.1216449,98.08159868,38.07394583,44.11113821
CFD-MF-323-001-N.jpg,237.0189866,82.02438662,37.28252737,38.77663349
CFD-MF-324-031-N.jpg,262.0686933,95.08417324,38.31453265,41.02180658
CFD-MF-325-002-N.jpg,265.680259,104.2353107,40.80017475,45.05255688
CFD-MF-326-016-N.jpg,239.3532954,98.00510191,40.03111567,49.64114021
CFD-MF-327-002-N.jpg,241.2073797,86.02325267,35.044828,42.86331352
CFD-MF-328-020-N.jpg,243.0740628,96.04686356,40.39783973,46.18954793
CFD-MF-329-001-N.jpg,260.3247971,83.21658489,33.94426186,37.05805495
CFD-MF-330-001-N.jpg,248.0503981,95,38.66419974,44.24306108
CFD-MF-331-010-N.jpg,307.0146576,119.0168055,38.24814929,45.8122743
CFD-MF-332-014-N.jpg,264.0018939,106.0047169,41.41732987,45.95711969
CFD-MF-333-012-N.jpg,276.0018116,114.0043859,41.69758805,48.38966113
CFD-MF-334-002-N.jpg,274.0164229,131.0610545,48.02742547,54.5568051
CFD-MF-335-002-N.jpg,250.0079999,88.00568163,36.0643609,40.73279642
CFD-MF-336-016-N.jpg,252,100.0049999,39.30487668,46.81433336
CFD-MF-337-026-N.jpg,232.1378901,107.2986486,46.64412014,50.85239207
CFD-MF-338-001-N.jpg,258.0949438,119.0672079,47.0273227,51.47266952
CFD-MF-339-002-N.jpg,259.1563235,86,33.68140778,40.01747459
CFD-MF-340-026-N.jpg,264.1211843,105.0761629,39.18835621,47.01980072
CFD-MF-341-018-N.jpg,268.0018657,93.00537619,37.85344352,38.65028752
CFD-MF-342-022-N.jpg,246.1300469,99.04544412,40.50490416,46.87982648
CFD-MF-343-001-N.jpg,265.0075471,101.0198,39.62804205,43.93488029
CFD-MF-344-012-N.jpg,254,107.0046728,42.40363174,48.30986807
CFD-MF-345-025-N.jpg,251.0318705,111.0045044,44.54082727,51.26074281
CFD-MF-346-008-N.jpg,263.1900454,83.09632964,32.17887752,36.98493276
CFD-MF-347-001-N.jpg,266.1879036,92.00543462,34.40895423,42.24872625
CFD-MF-348-018-N.jpg,258,96.00520819,38.39065776,43.34215376
CFD-MF-349-036-N.jpg,273.1483114,97.08243919,36.47800904,41.14503046
CFD-MF-350-029-N.jpg,268.0018657,83.05419917,34.03271126,34.79057003
CFD-MF-351-017-N.jpg,257.0486335,91.08786966,37.22512207,40.86721727
CFD-MF-352-054-N.jpg,241.0331927,100.0449899,41.93225672,48.62134553
CFD-MF-353-204-N.jpg,238.0189068,85.02352616,36.12271115,42.02831244
CFD-MF-354-067-N.jpg,264.1211843,94.04786016,36.53627535,41.40748356
CFD-MF-355-022-N.jpg,262.2308144,94.08506789,37.37028474,41.67661046
CFD-MF-356-017-N.jpg,249.2007223,97.0051545,38.7264956,45.90561624
CFD-MF-357-002-N.jpg,243.1316516,83.05419917,35.49302126,39.94505539
CFD-MF-358-001-N.jpg,253.007905,102.0049018,40.23604568,46.49652295
CFD-MF-359-019-N.jpg,257.0700294,91,38.24890195,38.39987183
CFD-MF-360-106-N.jpg,277.0288794,95.00526301,34.36147171,41.85534616
CFD-MF-361-006-N.jpg,251.1274577,107.01869,43.1603134,49.09999948
CFD-MM-300-035-N.jpg,258.001938,96.04686356,36.07601156,42.81202277
CFD-MM-301-011-N.jpg,250.0179994,92,37.6046352,43.47689947
CFD-MM-302-002-N.jpg,247.2913262,95.18928511,38.85319046,44.91564853
CFD-MM-303-002-N.jpg,270,91,35.33615126,38.87968965
CFD-MM-304-002-N.jpg,294.0425139,104.0768947,36.08171718,40.76707944
CFD-MM-305-003-N.jpg,258.1937257,92.08691547,38.17185032,40.33489863
CFD-MM-306-010-N.jpg,256.0078124,83.09632964,32.37031954,40.05563705
CFD-MM-307-002-N.jpg,249,95.04735662,41.13573565,42.39754432
CFD-MM-308-001-N.jpg,260.0307674,99.04544412,38.59006198,43.92155238
CFD-MM-309-027-N.jpg,259.0482581,93.00537619,36.05089382,42.88563379
CFD-MM-310-001-N.jpg,250.049995,93.04837452,39.19928918,42.45497754
CFD-MM-311-001-N.jpg,261.3235542,80.05623024,32.30768129,35.53767779
CFD-MM-312-002-N.jpg,270.0166662,83.05419917,32.2642299,36.1637973
CFD-MM-313-002-N.jpg,267.0018727,99.02019996,36.62796459,42.0971951
CFD-MM-314-062-N.jpg,281.0017794,73.00684899,27.0150886,31.27219325
CFD-MM-315-013-N.jpg,252.0714185,92.00543462,38.02264636,42.40380789
CFD-MM-316-156-N.jpg,246.0995733,82.02438662,33.13400485,39.74037526
CFD-MM-317-061-N.jpg,260.4323329,95.13148795,37.96633887,42.41544585
CFD-MM-318-003-N.jpg,243.1008021,107.01869,44.10613545,51.46271662
CFD-MM-319-052-N.jpg,254.1967742,92.00543462,36.97398547,42.71000407
CFD-MM-320-124-N.jpg,242.0516474,79.00632886,33.08956047,39.29500638
CFD-MM-321-021-N.jpg,280.1142624,86,31.59065515,36.98513035
CFD-MM-322-002-N.jpg,256.1952381,101.0049504,39.96108922,46.51336446
CFD-MM-323-053-N.jpg,242.1321953,105.1712889,43.90281414,49.98791148
CFD-MM-324-069-N.jpg,260.4323329,96.02083107,37.59612719,43.60778624
CFD-MM-325-002-N.jpg,254.0964384,107.0046728,42.4339016,49.33063793
CFD-WF-001-003-N.jpg,260.0480725,75,29.94462406,33.759156
CFD-WF-002-004-N.jpg,247.1639132,76.23647421,33.61501679,34.92232089
CFD-WF-003-003-N.jpg,265.0924367,80,32.25826145,34.61935939
CFD-WF-005-010-N.jpg,263.0076045,80.00624976,32.25439135,35.14016842
CFD-WF-007-001-N.jpg,275.3071013,84.00595217,32.51553422,34.46044478
CFD-WF-010-004-N.jpg,257.2353008,95.08417324,37.73686465,43.84554358
CFD-WF-011-002-N.jpg,248.07257,92.02173656,38.50703345,42.45783935
CFD-WF-012-002-N.jpg,250.1619475,97.02061637,40.27762901,43.70374033
CFD-WF-013-003-N.jpg,276.028984,88,33.30991937,36.30219177
CFD-WF-014-002-N.jpg,273.0073259,93,34.95484159,40.19262787
CFD-WF-015-006-N.jpg,251.0717029,99.18165153,41.01099937,44.38053362
CFD-WF-016-015-N.jpg,252.0178565,95.04735662,39.21979116,43.08501946
CFD-WF-017-003-N.jpg,238.0525152,90.08884504,38.07004252,45.02348188
CFD-WF-018-017-N.jpg,251.0497959,97.08243919,38.70331111,46.39340635
CFD-WF-019-005-N.jpg,252.2399651,101.0049504,39.98610602,47.94742987
CFD-WF-020-002-N.jpg,241.0518616,99.02019996,41.60872246,47.80930695
CFD-WF-021-002-N.jpg,243.5261793,96.42095208,41.33461379,45.00510976
CFD-WF-022-017-N.jpg,276.028984,100.0049999,37.37518323,42.20471532
CFD-WF-024-003-N.jpg,248.0080644,92.00543462,38.89770148,42.12068588
CFD-WF-025-019-N.jpg,239.1024885,88.141931,39.97226027,40.53854844
CFD-WF-026-002-N.jpg,266.0300735,96.02083107,37.27499713,42.32555714
CFD-WF-027-003-N.jpg,283.0282671,78.02563681,27.70104547,32.05427856
CFD-WF-028-023-N.jpg,262.0477056,109.1146186,41.31628047,48.94968178
CFD-WF-029-002-N.jpg,246,86.092973,38.28223467,38.47204161
CFD-WF-030-002-N.jpg,246.0020325,92,40.35495,41.59381465
CFD-WF-031-027-N.jpg,272.0165436,80.05623024,30.88368349,34.69515353
CFD-WF-033-002-N.jpg,257.0700294,90.02221948,36.87159537,40.44724452
CFD-WF-034-006-N.jpg,246.0995733,84.02380615,35.74785735,38.76771085
CFD-WF-035-024-N.jpg,268.1510768,91.00549434,35.41654525,39.75958865
CFD-WF-036-023-N.jpg,233.0021459,78.05767099,35.43639665,38.47658802
CFD-WF-037-029-N.jpg,255.0490149,86.02325267,34.6150206,40.3297527
CFD-WF-038-021-N.jpg,260.0173071,89.0056178,35.84481224,39.92044493
CFD-WF-039-025-N.jpg,239.0334705,83.05419917,38.61440749,37.90064369
CFD-WF-200-099-N.jpg,282.0868661,102.0441081,36.94301004,42.8240984
CFD-WF-201-156-N.jpg,259.1929783,94.02127419,37.80890963,41.71339403
CFD-WF-202-056-N.jpg,255.0019608,120,47.92302938,53.13010235
CFD-WF-203-229-N.jpg,281.0017794,86.02325267,32.57588297,35.49534946
CFD-WF-204-038-N.jpg,259.0077219,88.00568163,34.43530827,40.84871473
CFD-WF-205-006-N.jpg,238.0336111,108.0046295,45.43704614,52.09286309
CFD-WF-206-147-N.jpg,247.0506021,90.08884504,38.46930964,41.75886386
CFD-WF-207-014-N.jpg,262.1545346,81.09870529,32.84565511,35.66199158
CFD-WF-208-068-N.jpg,261.0938529,101.0049504,39.53898917,45.35981011
CFD-WF-209-052-N.jpg,287.015679,87.00574694,31.19119264,36.54172963
CFD-WF-210-086-N.jpg,244.0184419,75.00666637,33.5265215,34.80898346
CFD-WF-211-001-N.jpg,266.2705391,87,32.40941789,39.60296725
CFD-WF-212-050-N.jpg,270.4163457,86.02325267,31.49100222,38.37370038
CFD-WF-213-031-N.jpg,264.0075756,80.02499609,30.96286978,35.4716826
CFD-WF-214-122-N.jpg,275.0163631,100.0049999,37.90721333,41.11468395
CFD-WF-215-145-N.jpg,310.04032,108.0740487,35.97256261,39.45963279
CFD-WF-216-079-N.jpg,295,81.0246876,28.43895707,32.27638306
CFD-WF-217-085-N.jpg,257.0175091,83.02409289,34.05107371,37.55703635
CFD-WF-218-087-N.jpg,261.0689564,91.02197537,36.0328678,40.39693255
CFD-WF-219-038-N.jpg,270,103,39.02156829,44.65937901
CFD-WF-220-101-N.jpg,273.117191,94,34.79697493,39.82156411
CFD-WF-221-005-N.jpg,262.0686933,101.0445446,40.88069704,43.48339362
CFD-WF-222-092-N.jpg,263.1900454,94,36.77052834,42.12895575
CFD-WF-223-133-N.jpg,280.0017857,79,29.87203013,33.28528712
CFD-WF-224-099-N.jpg,283.3460781,95.08417324,34.92265058,39.55285735
CFD-WF-225-101-N.jpg,266.1202736,102.1224755,40.48008889,42.90459456
CFD-WF-226-095-N.jpg,265.1527861,95.0210503,36.87551103,41.71730504
CFD-WF-227-002-N.jpg,266.2705391,88.02272434,34.86733853,38.45925504
CFD-WF-228-196-N.jpg,278.1150841,90.00555538,33.6663513,37.86703363
CFD-WF-229-004-N.jpg,240.1686907,107.0747403,46.92932805,49.16026377
CFD-WF-230-158-N.jpg,274.182421,85.00588215,31.69040051,37.25609664
CFD-WF-231-099-N.jpg,271.5326868,106.1696755,40.8767724,44.69034103
CFD-WF-232-161-N.jpg,285.0438563,83.00602388,29.71216578,34.88443906
CFD-WF-233-112-N.jpg,247.1639132,87.05170877,37.12413993,40.46206521
CFD-WF-234-086-N.jpg,256.4390766,85.02352616,34.92922519,38.14567036
CFD-WF-235-121-N.jpg,268.0671558,99.00505038,37.79750462,43.68182542
CFD-WF-236-107-N.jpg,261.1551263,115,42.7167976,53.15948265
CFD-WF-237-067-N.jpg,263.3210968,103.0194156,39.78729677,46.08586841
CFD-WF-238-023-N.jpg,279.0877998,95.0210503,35.04067621,40.08784813
CFD-WF-239-155-N.jpg,247.2913262,89.20201791,37.82454724,41.68624933
CFD-WF-240-083-N.jpg,267.1198233,111.0405331,41.16857096,49.45904844
CFD-WF-241-210-N.jpg,280.3497815,86.00581376,30.99576875,36.85337637
CFD-WF-242-001-N.jpg,266.0169168,92.00543462,35.3188692,40.05943197
CFD-WF-243-148-N.jpg,274.0656856,86.05230967,32.21898174,35.36393822
CFD-WF-244-163-N.jpg,240.1332963,95.08417324,41.57439471,44.90054644
CFD-WF-245-084-N.jpg,285.2525197,111.0720487,40.87283659,44.31179551
CFD-WF-246-087-N.jpg,278.1456453,94.1328848,36.42812822,38.08701178
CFD-WF-247-065-N.jpg,255,86.02325267,35.27242145,39.4021181
CFD-WF-248-129-N.jpg,268.0298491,86,33.60220941,37.65485498
CFD-WF-249-126-N.jpg,239.1338537,84,35.66391969,42.14263578
CFD-WF-250-167-N.jpg,252.0714185,74.02702209,30.45668326,34.6465546
CFD-WF-251-014-N.jpg,258.1240012,102.019606,40.75906595,45.71201868
CFD-WF-252-159-N.jpg,266.0920893,91.04943712,36.17071139,38.86992911
CFD-WM-001-014-N.jpg,240.3518255,95.13148795,39.36857189,47.01459879
CFD-WM-002-009-N.jpg,266.0018797,102.0441081,38.83121203,45.29339206
CFD-WM-003-002-N.jpg,279.0017921,101.0198,34.26733544,43.19643933
CFD-WM-004-010-N.jpg,267.1872003,90.02221948,35.63185243,38.98155032
CFD-WM-006-002-N.jpg,263.0019011,85.00588215,33.13044146,38.63196615
CFD-WM-009-002-N.jpg,255.1587741,101.0445446,39.80157111,47.07039717
CFD-WM-010-001-N.jpg,236.4762144,103.1746093,44.1733033,50.47525391
CFD-WM-011-002-N.jpg,267.0674072,112.0401714,43.4697365,47.73656741
CFD-WM-012-001-N.jpg,256.0488235,83.02409289,33.81637489,37.88549142
CFD-WM-013-001-N.jpg,269.0018587,87,34.06036327,37.81419565
CFD-WM-015-002-N.jpg,272.0165436,93.00537619,35.182648,40.5628857
CFD-WM-016-001-N.jpg,273.016483,80.02499609,32.11307864,33.24649616
CFD-WM-018-002-N.jpg,266.7508201,96.0832972,37.36615352,41.73612649
CFD-WM-019-003-N.jpg,246.018292,84.02380615,36.93888118,38.24178901
CFD-WM-020-001-N.jpg,253.0177859,88.00568163,36.19945119,40.72652177
CFD-WM-022-001-N.jpg,276.0018116,86.00581376,32.66500117,35.75139266
CFD-WM-023-001-N.jpg,269.0464644,90.00555538,36.07343269,37.70350992
CFD-WM-024-015-N.jpg,260.1922366,88.00568163,33.59877436,41.26756569
CFD-WM-025-002-N.jpg,257.0700294,89.0056178,35.3524051,40.4224104
CFD-WM-026-001-N.jpg,262.6880279,113.1105654,42.83378426,49.50914683
CFD-WM-028-003-N.jpg,279.0017921,88.00568163,33.0390834,36.19852752
CFD-WM-029-023-N.jpg,260.1230478,80.05623024,33.49613746,34.59391157
CFD-WM-031-003-N.jpg,276.2607464,89.08984229,33.93342815,36.29198119
CFD-WM-032-001-N.jpg,276.0072463,80,31.02438696,32.83482619
CFD-WM-033-025-N.jpg,266.2705391,99.24716621,38.38747379,42.88447174
CFD-WM-034-030-N.jpg,264.0473442,104.0048076,39.47586974,46.52051827
CFD-WM-035-032-N.jpg,238.0525152,107.01869,45.04151867,52.28926921
CFD-WM-037-025-N.jpg,242.2065234,114,46.9552561,54.31439957
CFD-WM-038-003-N.jpg,247.0020243,95.0210503,40.43291741,43.85814248
CFD-WM-039-018-N.jpg,252.0495983,90.08884504,39.14721614,39.14392913
CFD-WM-040-022-N.jpg,281.0640496,98.00510191,35.09805591,40.25677499
CFD-WM-041-021-N.jpg,257.0700294,109,42.52977995,49.92109719
CFD-WM-200-034-N.jpg,255.007843,103.0194156,42.62598629,45.43729433
CFD-WM-201-063-N.jpg,261.3752092,80.02499609,32.3304826,35.71735697
CFD-WM-202-107-N.jpg,282.3986544,106.0424443,38.97536513,43.57405783
CFD-WM-203-023-N.jpg,261.1551263,92.02173656,36.37965633,41.49499717
CFD-WM-204-031-N.jpg,269.0464644,84.00595217,32.51191423,36.94506747
CFD-WM-205-007-N.jpg,270.1851217,92.04890005,35.27242145,39.96333862
CFD-WM-206-045-N.jpg,264.1211843,97.02061637,38.37000762,41.25112124
CFD-WM-207-048-N.jpg,291.0841803,93.1933474,33.35138695,36.73197332
CFD-WM-208-068-N.jpg,289.0017301,72,25.79855833,29.95237982
CFD-WM-209-038-N.jpg,253,87.02298547,35.84786387,39.51880247
CFD-WM-210-057-N.jpg,265.0679158,89.02246907,35.32379782,38.50375684
CFD-WM-211-054-N.jpg,263,106.0424443,41.83365783,46.11420208
CFD-WM-212-097-N.jpg,275.2616937,86.05230967,33.58901687,35.90988746
CFD-WM-213-076-N.jpg,290.0844705,110.0409015,38.95388659,44.41072337
CFD-WM-214-026-N.jpg,269.1858094,93.13431162,36.46841188,39.41016724
CFD-WM-215-041-N.jpg,266.1522121,88,33.91255799,39.11410982
CFD-WM-216-061-N.jpg,257.2353008,97.04638066,39.39760745,43.38845106
CFD-WM-217-070-N.jpg,265.0018868,91,34.56938243,39.71353044
CFD-WM-218-074-N.jpg,244.0184419,84.00595217,35.32417234,40.71613974
CFD-WM-219-008-N.jpg,268.1865023,81.09870529,32.12531678,34.75056147
CFD-WM-220-068-N.jpg,258.0174413,89.0056178,35.51977296,40.6248597
CFD-WM-221-091-N.jpg,260.2767758,81.05553652,31.94936878,37.6824563
CFD-WM-222-057-N.jpg,259.0308862,88.02272434,35.60620068,39.63833802
CFD-WM-223-056-N.jpg,297.2036339,86,29.53147901,35.15595785
CFD-WM-224-197-N.jpg,231.1384866,101.1236866,45.82598844,48.65085167
CFD-WM-225-127-N.jpg,266.0676606,83.05419917,34.18359766,34.85778551
CFD-WM-227-099-N.jpg,255.3840246,82.02438662,33.85083418,37.44192397
CFD-WM-228-065-N.jpg,283,86.02325267,31.20550944,36.86493933
CFD-WM-229-129-N.jpg,251.0975906,109.0412766,45.32415937,48.55618109
CFD-WM-230-131-N.jpg,284.2129483,77,27.68299176,32.9464638
CFD-WM-231-112-N.jpg,258.278919,89.08984229,36.50413058,39.66028149
CFD-WM-232-070-N.jpg,259.2334855,103.0776406,40.67565,46.36764439
CFD-WM-233-106-N.jpg,282.2144575,85,30.27186057,37.07993333
CFD-WM-234-118-N.jpg,273.016483,73.00684899,27.41877778,32.77039596
CFD-WM-235-147-N.jpg,271.1180555,90.02221948,34.26466045,39.38779677
CFD-WM-236-072-N.jpg,271.001845,100.0449899,37.21996934,44.40280479
CFD-WM-237-052-N.jpg,267.0168534,85.0940656,34.08588699,36.37898823
CFD-WM-238-020-N.jpg,261.2316979,97.08243919,38.71837149,42.82054601
CFD-WM-239-128-N.jpg,263.0171097,94.005319,37.99115322,40.7647556
CFD-WM-240-125-N.jpg,245.2468145,123.004065,48.54306203,58.631912
CFD-WM-241-072-N.jpg,261.2757164,93.08598176,37.37595845,40.57691346
CFD-WM-242-011-N.jpg,269.1858094,102.0784012,38.7408757,44.51007497
CFD-WM-243-107-N.jpg,268.3654225,81.05553652,31.10851216,36.2860309
CFD-WM-244-003-N.jpg,309.1035425,103,33.6951023,40.43603154
CFD-WM-245-123-N.jpg,274.0072992,84.02380615,32.68055474,35.50292223
CFD-WM-247-084-N.jpg,272.0900586,76,28.98291834,33.6678117
CFD-WM-248-036-N.jpg,289.5600111,89.05054744,32.30209343,35.75209461
CFD-WM-249-239-N.jpg,267.3162921,86.02325267,33.10527998,38.54386773
CFD-WM-250-157-N.jpg,264.3709515,97.08243919,37.47956997,43.40374616
CFD-WM-251-002-N.jpg,295.0152538,106.0424443,37.01712934,41.37447537
CFD-WM-252-224-N.jpg,311.0401903,92.02173656,30.38998431,34.70958615
CFD-WM-253-119-N.jpg,320.3513696,118.2074448,37.26301008,44.15147931
CFD-WM-254-152-N.jpg,283.1766233,100.0449899,37.43687452,40.5090214
CFD-WM-255-219-N.jpg,272.3600558,79.101201,30.59550962,33.83769197
CFD-WM-256-138-N.jpg,255.8632447,108.1665383,42.97688641,49.03967262
CFD-WM-257-161-N.jpg,282.2994864,86.00581376,31.40203281,36.67928135
CFD-WM-258-125-N.jpg,261.4899616,81.22191822,32.7576688,36.39009466
